Fecha Actual,Codigo Marzam,Descipcion,Precio Farmacia,Precio Publico,% IVA,% IEPS,Impuesto 3,Clasificacion Fiscal,Codigo de Barras,Filler,Contador
20180307,000001001,3A OFT GTS 5ML                          ,0000434.36,0000553.99,000.00,000.00,000.00,B ,736085400892 ,                    ,00001
20180307,000012001,ACANOL 2MG CPR C12                      ,0000128.98,0000184.82,000.00,000.00,000.00,F ,7501328978710,                    ,00002
20180307,000029103,ACCU CHEK PERFORMA TIRAS C50            ,0000300.30,0000456.30,016.00,000.00,000.00,NA,4015630981977,                    ,00003
20180307,000029102,ACCU CHEK SOFTCLIX LANCET C200          ,0000263.11,0000344.32,016.00,000.00,000.00,NA,4015630006779,                    ,00004
20180307,000029101,ACCU CHEK SOFTCLIX LANCET C25           ,0000071.86,0000096.43,016.00,000.00,000.00,NA,4015630018277,                    ,00005
20180307,000029105,ACCU CHEK TIRAS REACT ACTV C50          ,0000304.08,0000453.00,016.00,000.00,000.00,NA,4015630064076,                    ,00006
20180307,000029204,ACCUTREND CHOLEST TIRAS REAC C25        ,0000824.18,0001177.41,016.00,000.00,000.00,NA,4015630000364,                    ,00007
20180307,000029201,ACCUTREND PLUS EQ C1                    ,0003926.06,0005437.24,016.00,000.00,000.00,NA,4015630936748,                    ,00008
20180307,000029203,ACCUTREND TRIGLYC TIRAS REAC C25        ,0000817.91,0001132.74,016.00,000.00,000.00,NA,4015630936724,                    ,00009
20180307,000020301,ACICRAN TAB RECUB C30                   ,0000385.84,0000488.41,016.00,000.00,000.00,FA,7501124180621,                    ,00010
20180307,000032501,ACRYLARM OFT 0.2% GEL 10G               ,0000372.87,0000475.00,000.00,000.00,000.00,B ,7795368054514,                    ,00011
20180307,000028002,ACUAFIL OFT GTS 15ML                    ,0000177.58,0000226.47,000.00,000.00,000.00,B ,736085104240 ,                    ,00012
20180307,000038004,ACULAREN CMC 0.45% AMP C30              ,0000533.78,0000649.80,000.00,000.00,000.00,B ,7501201401199,                    ,00013
20180307,000038003,ACULAREN LS SOL 5ML                     ,0000546.50,0000665.28,000.00,000.00,000.00,B ,7501201400604,                    ,00014
20180307,000038001,ACULAREN OFT 0.5% SOL 5ML               ,0000522.78,0000636.41,000.00,000.00,000.00,B ,7501201421814,                    ,00015
20180307,000037001,ACUTEARS SOL OFT 0.5% 10ML              ,0000361.10,0000460.00,016.00,000.00,000.00,BA,7795368547177,                    ,00016
20180307,000038301,ACXION 15MG TAB C30                     ,0000193.55,0000245.00,000.00,000.00,000.00,N ,7501249605801,                    ,00017
20180307,000038302,ACXION 30MG TAB C30                     ,0000355.50,0000450.00,000.00,000.00,000.00,N ,7501249605818,                    ,00018
20180307,000038303,ACXION AP 30MG TAB C30                  ,0000410.80,0000520.00,000.00,000.00,000.00,N ,7501249605849,                    ,00019
20180307,000064001,AGGLAD OFT SOL GTS 5ML                  ,0000589.10,0000750.63,000.00,000.00,000.00,B ,736085401431 ,                    ,00020
20180307,000063503,AGIOLAX GRAN SOB 5G C10                 ,0000117.66,0000148.00,000.00,000.00,000.00,H ,7501092701033,                    ,00021
20180307,000063502,AGIOLAX GRAN SOB 5G C20                 ,0000211.47,0000266.00,000.00,000.00,000.00,H ,7501092701026,                    ,00022
20180307,000067303,AH MICOL 150/200MG TAB C2               ,0000044.12,0000051.90,000.00,000.00,000.00,F ,650240028953 ,                    ,00023
20180307,000067302,AH MICOL INF SUSP 10ML                  ,0000044.12,0000051.90,000.00,000.00,000.00,F ,650240028977 ,                    ,00024
20180307,000067301,AH MICOL JR SUSP 20ML                   ,0000044.12,0000051.90,000.00,000.00,000.00,F ,650240028960 ,                    ,00025
20180307,000107502,AKABAR 200MG CAP C16                    ,0000113.28,0000143.39,000.00,000.00,000.00,F ,7501070903510,                    ,00026
20180307,000107501,AKABAR SUSP 90ML                        ,0000121.79,0000154.17,000.00,000.00,000.00,F ,7501070900120,                    ,00027
20180307,000079001,AKTUFOAM ESPUMA 1.0% 30G                ,0000337.02,0000411.00,000.00,000.00,000.00,H ,7501390912704,                    ,00028
20180307,000109501,ALLEMAR SPRY NASAL 125ML                ,0000134.13,0000218.78,016.00,000.00,000.00,FA,7501165005563,                    ,00029
20180307,000109701,ALLIVIAX 550MG TAB C10                  ,0000058.65,0000069.00,000.00,000.00,000.00,F ,650240013805 ,                    ,00030
20180307,000111802,ALPHAGAN P SOL 0.15% SOL 5ML            ,0000787.08,0000958.13,000.00,000.00,000.00,B ,7501201400413,                    ,00031
20180307,000111801,ALPHAGAN SOL 5ML                        ,0000784.25,0000954.69,000.00,000.00,000.00,B ,7501201490803,                    ,00032
20180307,000379001,AMARYL 2MG TAB C15                      ,0000282.00,0000404.08,000.00,000.00,000.00,F ,7501165001695,                    ,00033
20180307,000379002,AMARYL 4MG TAB C15                      ,0000495.08,0000709.42,000.00,000.00,000.00,F ,7501165001770,                    ,00034
20180307,000379004,AMARYL M 2/1000MG TAB C16               ,0000515.98,0000739.35,000.00,000.00,000.00,F ,7501165005822,                    ,00035
20180307,000379005,AMARYL M 4/1000MG TAB C16               ,0000666.48,0000955.01,000.00,000.00,000.00,F ,7501165005839,                    ,00036
20180307,000124501,AMARYL XM 2/850MG TAB C16               ,0000472.54,0000677.11,000.00,000.00,000.00,F ,7501165008960,                    ,00037
20180307,000124502,AMARYL XM 4/850MG TAB C16               ,0000616.24,0000883.03,000.00,000.00,000.00,F ,7501165008953,                    ,00038
20180307,000145001,AMINOYODARSENCAL JBE 100ML              ,0000267.31,0000326.00,000.00,000.00,000.00,B ,7501390910021,                    ,00039
20180307,000187001,ANEREX HRRO SOL 115ML CPR C1            ,0000200.99,0000254.42,000.00,000.00,000.00,F ,7501070900168,                    ,00040
20180307,000195006,ANITRIM PED SUSP 120ML                  ,0000177.93,0000217.00,000.00,000.00,000.00,B ,7501390910076,                    ,00041
20180307,000259601,ANTINOCIL 100MG TAB C10                 ,0000263.87,0000336.14,000.00,000.00,000.00,B ,7501258214278,                    ,00042
20180307,000206905,ANTISTAX FTE 360MG TAB C30              ,0000525.41,0000808.93,000.00,000.00,000.00,F ,7501034660152,                    ,00043
20180307,000219801,APROVEL 150MG TAB C14                   ,0000458.98,0000662.28,000.00,000.00,000.00,F ,7501328978772,                    ,00044
20180307,000219803,APROVEL 150MG TAB C28                   ,0000836.56,0001207.09,000.00,000.00,000.00,F ,7501328979144,                    ,00045
20180307,000219802,APROVEL 300MG TAB C14                   ,0000621.52,0000896.81,000.00,000.00,000.00,F ,7501328978789,                    ,00046
20180307,000219804,APROVEL 300MG TAB C28                   ,0001190.09,0001717.21,000.00,000.00,000.00,F ,7501328979311,                    ,00047
20180307,000227001,ARALEN 150MG TAB C30                    ,0000184.59,0000264.50,000.00,000.00,000.00,F ,7501328975436,                    ,00048
20180307,000236405,ARTRENAC 600MG GEL 60G                  ,0000158.57,0000284.50,000.00,000.00,000.00,F ,7501298203607,                    ,00049
20180307,000247218,ASEPXIA JABON ULTR HUMECT 100G          ,0000021.25,0000025.00,016.00,000.00,000.00,FA,650240033766 ,                    ,00050
20180307,000247242,ASEPXIA JBN AZUFRE 100G                 ,0000018.25,0000021.47,016.00,000.00,000.00,FA,650240007828 ,                    ,00051
20180307,000247258,ASEPXIA JBN AZUFRE FARMA 100G           ,0000021.25,0000025.00,016.00,000.00,000.00,FA,650240029479 ,                    ,00052
20180307,000247211,ASEPXIA JBN EXFOL 100G                  ,0000018.25,0000021.47,016.00,000.00,000.00,FA,650240004643 ,                    ,00053
20180307,000247204,ASEPXIA JBN FTE 100G                    ,0000018.25,0000021.47,016.00,000.00,000.00,FA,650240004292 ,                    ,00054
20180307,000247243,ASEPXIA JBN NEUTRO 100G                 ,0000018.25,0000021.47,016.00,000.00,000.00,FA,650240009563 ,                    ,00055
20180307,000251201,ASTELIN SPRY NASAL 10ML                 ,0000387.17,0000487.00,000.00,000.00,000.00,H ,4019338197418,                    ,00056
20180307,000260003,ATISURIL 300MG TAB C20                  ,0000347.69,0000424.00,000.00,000.00,000.00,B ,7501390910090,                    ,00057
20180307,000264001,ATRO OFT 1% SOL GTS 15ML                ,0000174.96,0000223.06,000.00,000.00,000.00,B ,736085011937 ,                    ,00058
20180307,000068001,ATROPISA 1G AMP C50                     ,0000201.03,0000246.66,000.00,000.00,000.00,B ,7501125124358,                    ,00059
20180307,000270801,AUGEX  SOL OFT 5ML                      ,0000143.65,0000183.00,000.00,000.00,000.00,B ,7795368054538,                    ,00060
20180307,000274501,AVALIDE 150MG 12.5MG TAB C14            ,0000457.85,0000660.64,000.00,000.00,000.00,F ,7501361693014,                    ,00061
20180307,000274503,AVALIDE 150MG 12.5MG TAB C28            ,0000851.61,0001228.80,000.00,000.00,000.00,F ,7501361693021,                    ,00062
20180307,000274502,AVALIDE 300MG 12.5MG TAB C14            ,0000709.14,0001023.25,000.00,000.00,000.00,F ,7501361693038,                    ,00063
20180307,000274504,AVALIDE 300MG 12.5MG TAB C28            ,0001332.97,0001923.37,000.00,000.00,000.00,F ,7501361693045,                    ,00064
20180307,000274505,AVALIDE 300MG 25MG TAB C14              ,0000749.80,0001074.40,000.00,000.00,000.00,F ,7501361693052,                    ,00065
20180307,000274506,AVALIDE 300MG 25MG TAB C28              ,0001324.28,0001897.59,000.00,000.00,000.00,F ,7501361693069,                    ,00066
20180307,000276303,AVAPRO 150MG TAB C28                    ,0000876.57,0001264.83,000.00,000.00,000.00,F ,7501361692987,                    ,00067
20180307,000276304,AVAPRO 300MG TAB C28                    ,0001246.98,0001799.31,000.00,000.00,000.00,F ,7501361693007,                    ,00068
20180307,000276301,AVAPRO IR 150MG TAB C14                 ,0000494.43,0000713.42,000.00,000.00,000.00,F ,7501361692970,                    ,00069
20180307,000276302,AVAPRO IR 300MG TAB C14                 ,0000639.06,0000922.12,000.00,000.00,000.00,F ,7501361692994,                    ,00070
20180307,000005501,AZ OFT SOL GTS 5ML                      ,0000503.06,0000641.21,000.00,000.00,000.00,B ,736085400984 ,                    ,00071
20180307,000283401,AZARGA SUSP 5ML                         ,0000821.90,0001047.00,000.00,000.00,000.00,B ,7501088619854,                    ,00072
20180307,000288001,AZOPT 1% SUSP 5ML                       ,0000644.49,0000821.00,000.00,000.00,000.00,B ,7501088619458,                    ,00073
20180307,000332001,BEDOCECAL SUSP 340ML                    ,0000177.56,0000257.76,000.00,000.00,000.00,F ,7501174600827,                    ,00074
20180307,000346801,BENECID VALDEC 500MG TAB C50            ,0000265.20,0000340.00,000.00,000.00,000.00,B ,7501446000027,                    ,00075
20180307,000350010,BENGUE PLUS BALSAMO PDA 35G             ,0000047.56,0000055.95,016.00,000.00,000.00,FA,650240006654 ,                    ,00076
20180307,000350017,BENGUE ULT AZUL 35G                     ,0000058.65,0000069.00,000.00,000.00,000.00,F ,650240010507 ,                    ,00077
20180307,000350018,BENGUE ULT AZUL 65G                     ,0000097.67,0000114.90,000.00,000.00,000.00,F ,650240010460 ,                    ,00078
20180307,000350011,BENGUE ULTRA GEL ROJO 35G               ,0000058.65,0000069.00,000.00,000.00,000.00,F ,650240006647 ,                    ,00079
20180307,000350007,BENGUE ULTRA GEL TBO 65G                ,0000097.67,0000114.90,000.00,000.00,000.00,F ,650240006678 ,                    ,00080
20180307,000371401,BETAGAN SOL 10ML                        ,0000473.47,0000576.38,000.00,000.00,000.00,B ,7501201433572,                    ,00081
20180307,000371601,BETAGRANULOS CRA 60G                    ,0000208.00,0000260.00,016.00,000.00,000.00,BA,7703333007700,                    ,00082
20180307,000371501,BETALFATRUS LACA UNGUEAL 3.3 ML         ,0000413.00,0000531.24,016.00,000.00,000.00,BA,7898939803099,                    ,00083
20180307,000371603,BETAPIROX SH LOC 120ML                  ,0000260.00,0000325.00,016.00,000.00,000.00,BA,7703281001010,                    ,00084
20180307,000375503,BETOPTIC S GTS SUSP 5ML                 ,0000546.36,0000696.00,000.00,000.00,000.00,B ,7501088615603,                    ,00085
20180307,000378501,BI PROFENID 150MG CPR C10               ,0000351.68,0000503.93,000.00,000.00,000.00,F ,7501165005259,                    ,00086
20180307,000378502,BI PROFENID 150MG CPR C20               ,0000551.66,0000790.48,000.00,000.00,000.00,F ,7501165006362,                    ,00087
20180307,000376801,BICARNAT 7.5% F A 50ML                  ,0000094.29,0000115.69,000.00,000.00,000.00,B ,7501125112034,                    ,00088
20180307,000384503,BICONCOR 2.5/6.25MG TAB C30             ,0000489.46,0000760.38,000.00,000.00,000.00,F ,7501298215891,                    ,00089
20180307,000384504,BICONCOR 5/6.25MG TAB C30               ,0000664.08,0001031.66,000.00,000.00,000.00,F ,7501298215907,                    ,00090
20180307,000409701,BIO ELECTRO TAB C24                     ,0000052.62,0000061.90,000.00,000.00,000.00,F ,650240007651 ,                    ,00091
20180307,000407001,BIOTREFON L PVO SOB C12                 ,0000204.99,0000250.00,000.00,000.00,000.00,B ,7501390910182,                    ,00092
20180307,000410014,BIPASMIN CPTO N 10MG GRAG C20           ,0000250.74,0000386.05,000.00,000.00,000.00,F ,7501034605078,                    ,00093
20180307,000410013,BIPASMIN CPTO N 5ML AMP C3              ,0000289.12,0000445.13,000.00,000.00,000.00,F ,7501034605054,                    ,00094
20180307,000410015,BIPASMIN N 10MG GTS 15ML                ,0000199.09,0000306.51,000.00,000.00,000.00,F ,7501034605085,                    ,00095
20180307,000418001,BLADURIL 200MG GRAG C20                 ,0000529.58,0000758.85,000.00,000.00,000.00,F ,7501174607024,                    ,00096
20180307,000421001,BLEF 10% SOL 15ML                       ,0000252.00,0000306.79,000.00,000.00,000.00,B ,7501201432049,                    ,00097
20180307,000422001,BLEFAMIDE SF SUSP 10ML                  ,0000527.06,0000641.62,000.00,000.00,000.00,B ,7501201403803,                    ,00098
20180307,000431801,BONAVEN BRRA LIMP 120G                  ,0000200.00,0000250.00,016.00,000.00,000.00,BA,7703333007601,                    ,00099
20180307,000435801,BORCATHOX OFTENO SOL 10ML               ,0000254.31,0000323.94,000.00,000.00,000.00,B ,736085409987 ,                    ,00100
20180307,000450701,BRIXIL 5% UNG?ENTO 20G                  ,0000615.00,0000750.00,000.00,000.00,000.00,B ,7501390913046,                    ,00101
20180307,000463801,BROXOL 30MG TAB C20                     ,0000149.29,0000188.97,000.00,000.00,000.00,F ,7501124103200,                    ,00102
20180307,000463804,BROXOL AMP 2ML C10                      ,0000205.17,0000259.72,000.00,000.00,000.00,F ,7501124109356,                    ,00103
20180307,000463806,BROXOL PLUS PED GTS 20ML                ,0000118.94,0000150.56,000.00,000.00,000.00,F ,7501124110086,                    ,00104
20180307,000463805,BROXOL PLUS SOL 120ML                   ,0000195.95,0000248.04,000.00,000.00,000.00,F ,7501124109684,                    ,00105
20180307,000468001,BTX HA OFT SOL 0.25% GTS 5ML            ,0000494.69,0000630.27,000.00,000.00,000.00,B ,736085401547 ,                    ,00106
20180307,000475016,BUSCAPINA FEM 20/400MG TAB C10          ,0000097.34,0000158.02,000.00,000.00,000.00,F ,7501037908640,                    ,00107
20180307,000475020,BUSCAPINA FEM 30% DESC TAB C10          ,0000065.17,0000110.60,000.00,000.00,000.00,F ,7501034691668,                    ,00108
20180307,000470502,BUVACAINA 15MG 3ML AMP C5               ,0000179.80,0000220.62,000.00,000.00,000.00,B ,7501125112393,                    ,00109
20180307,000495003,CALCIGENOL DOB 18MG SUSP 340ML          ,0000128.47,0000204.93,000.00,000.00,000.00,F ,7501174601022,                    ,00110
20180307,000534004,CARNOTPRIM 100MG/5ML AMP C3             ,0000312.77,0000395.91,000.00,000.00,000.00,F ,7501124100803,                    ,00111
20180307,000534003,CARNOTPRIM 10MG AMP C6                  ,0000266.26,0000337.04,000.00,000.00,000.00,F ,7501124100759,                    ,00112
20180307,000534001,CARNOTPRIM 10MG CPR C20                 ,0000190.89,0000241.64,000.00,000.00,000.00,F ,7501124100704,                    ,00113
20180307,000534002,CARNOTPRIM SOL 100ML                    ,0000195.54,0000247.51,000.00,000.00,000.00,F ,7501124103217,                    ,00114
20180307,000542501,CAUDALINE 100MG TAB C30                 ,0000419.43,0000651.59,000.00,000.00,000.00,F ,7501298213040,                    ,00115
20180307,000542502,CAUDALINE 100MG TAB C60                 ,0000740.19,0001149.89,000.00,000.00,000.00,F ,7501298216812,                    ,00116
20180307,000597002,CHOLAL MODIF ORAL 5ML AMP C10           ,0000294.38,0000359.00,016.00,000.00,000.00,BA,7501390912551,                    ,00117
20180307,000602601,CILODEX OFT SUSP GTS 5ML                ,0000623.29,0000794.00,000.00,000.00,000.00,B ,7501088617850,                    ,00118
20180307,000602701,CILOXAN GTS 5ML                         ,0000540.87,0000689.00,000.00,000.00,000.00,B ,7501088604102,                    ,00119
20180307,000609001,CIPROLISINA SOL 220ML                   ,0000237.28,0000300.35,000.00,000.00,000.00,F ,7501070903473,                    ,00120
20180307,000613602,CLAFORAN IM 1G INY F A C1               ,0000598.91,0000673.17,000.00,000.00,000.00,F ,7501174601404,                    ,00121
20180307,000613601,CLAFORAN IV 1G INY F A C1               ,0000607.89,0000683.26,000.00,000.00,000.00,F ,7501174601305,                    ,00122
20180307,000613603,CLAFORAN IV IM 500MG F A C1             ,0000323.91,0000364.07,000.00,000.00,000.00,F ,7501174601206,                    ,00123
20180307,000617201,CLEXANE 20MG 0.2ML JGA C2               ,0000459.98,0000517.02,000.00,000.00,000.00,F ,7501072350213,                    ,00124
20180307,000617202,CLEXANE 40MG 0.4ML JGA C2               ,0000863.47,0000970.52,000.00,000.00,000.00,F ,7501072350220,                    ,00125
20180307,000617203,CLEXANE 60MG SOL INY JGA C2             ,0001153.32,0001296.32,000.00,000.00,000.00,F ,7501072350299,                    ,00126
20180307,000617204,CLEXANE 80MG SOL INY JGA C2             ,0001166.68,0001311.33,000.00,000.00,000.00,F ,7501072350305,                    ,00127
20180307,000618301,CLIDETS GEL 1% 30G                      ,0000286.99,0000350.00,000.00,000.00,000.00,B ,7501390912728,                    ,00128
20180307,000618302,CLIDETS SOL 1% 50ML                     ,0000409.19,0000500.00,000.00,000.00,000.00,B ,7501390912742,                    ,00129
20180307,000624001,CLORAMFENI OFT GTS 15ML                 ,0000082.65,0000105.68,000.00,000.00,000.00,B ,736085039603 ,                    ,00130
20180307,000624003,CLORAMFENI UNGENA 5G                    ,0000095.76,0000122.27,000.00,000.00,000.00,B ,736085228199 ,                    ,00131
20180307,000635201,CO APROVEL 150MG 12.5M TAB C14          ,0000428.97,0000618.97,000.00,000.00,000.00,F ,7501328979113,                    ,00132
20180307,000635203,CO APROVEL 150MG 12.5M TAB C28          ,0000776.13,0001119.91,000.00,000.00,000.00,F ,7501328979267,                    ,00133
20180307,000635202,CO APROVEL 300MG 12.5M TAB C14          ,0000633.98,0000914.79,000.00,000.00,000.00,F ,7501328979120,                    ,00134
20180307,000635206,CO APROVEL 300MG/12.5MG TABC28          ,0001191.69,0001719.51,000.00,000.00,000.00,F ,7501328979274,                    ,00135
20180307,000635204,CO APROVEL 300MG/25MG TAB C14           ,0000665.68,0000960.54,000.00,000.00,000.00,F ,7501328980331,                    ,00136
20180307,000635205,CO APROVEL 300MG/25MG TAB C28           ,0001231.69,0001777.25,000.00,000.00,000.00,F ,7501328980348,                    ,00137
20180307,000646270,COLGATE PDNT LUMINOUS 22ML              ,0000006.72,0000007.90,016.00,000.00,000.00,NA,7509546054032,                    ,00138
20180307,000656901,COMBIGAN D 0.2% SOL 5ML                 ,0000809.41,0000985.32,000.00,000.00,000.00,B ,7501201400581,                    ,00139
20180307,000656902,COMBIGAN D 0.2/0.5% SOL 10ML            ,0001184.04,0001441.38,000.00,000.00,000.00,B ,7501201400727,                    ,00140
20180307,000670501,CONCOR 1.25MG GRAG C30                  ,0000287.46,0000446.58,000.00,000.00,000.00,F ,7501298205021,                    ,00141
20180307,000670504,CONCOR 10MG GRAG C30                    ,0000640.27,0000994.68,000.00,000.00,000.00,F ,7501298204994,                    ,00142
20180307,000670502,CONCOR 2.5MG GRAG C30                   ,0000386.11,0000599.83,000.00,000.00,000.00,F ,7501298204987,                    ,00143
20180307,000670503,CONCOR 5MG GRAG C30                     ,0000467.67,0000726.53,000.00,000.00,000.00,F ,7501298205038,                    ,00144
20180307,000670510,CONCOR AM 5/5MG TAB C30                 ,0000479.79,0000745.36,000.00,000.00,000.00,F ,7501298222509,                    ,00145
20180307,000680001,CORDARONE 200MG TAB C20                 ,0000252.68,0000364.60,000.00,000.00,000.00,F ,7501328977980,                    ,00146
20180307,000680002,CORDARONE 3ML AMP C6                    ,0000387.47,0000559.09,000.00,000.00,000.00,F ,7501328978383,                    ,00147
20180307,000701001,COSOPT OCUM SOL 5ML                     ,0000686.61,0001072.83,000.00,000.00,000.00,F ,7501326003162,                    ,00148
20180307,000717002,CRYL OFT 4% SOL GTS 5ML                 ,0000167.81,0000214.37,000.00,000.00,000.00,B ,736085103168 ,                    ,00149
20180307,000619102,CYCLOFEMINA 25/5MG JGA 0.5ML            ,0000195.57,0000247.55,000.00,000.00,000.00,F ,7501124103323,                    ,00150
20180307,000619101,CYCLOFEMINA AMP 5ML C1                  ,0000227.84,0000288.40,000.00,000.00,000.00,F ,7501124109929,                    ,00151
20180307,000739803,DABEX 1G TAB C30                        ,0000228.99,0000355.74,000.00,000.00,000.00,F ,7501298204970,                    ,00152
20180307,000739802,DABEX 500MG TAB C60                     ,0000243.01,0000377.52,000.00,000.00,000.00,F ,7501298219509,                    ,00153
20180307,000739801,DABEX 850MG TAB C30                     ,0000202.96,0000315.31,000.00,000.00,000.00,F ,7501298219608,                    ,00154
20180307,000739808,DABEX XR 1000MG TAB C30                 ,0000260.53,0000404.74,000.00,000.00,000.00,F ,7501298217130,                    ,00155
20180307,000739804,DABEX XR 500MG TAB C30                  ,0000164.72,0000255.90,000.00,000.00,000.00,F ,7501298206455,                    ,00156
20180307,000739806,DABEX XR 500MG TAB C60                  ,0000292.44,0000454.31,000.00,000.00,000.00,F ,7501298213989,                    ,00157
20180307,000739805,DABEX XR 750MG TAB C30                  ,0000248.33,0000385.79,000.00,000.00,000.00,F ,7501298213569,                    ,00158
20180307,000739807,DABEX XR 750MG TAB C60                  ,0000438.64,0000681.44,000.00,000.00,000.00,F ,7501298214207,                    ,00159
20180307,000745201,DALAY 125MG CAP C30                     ,0000160.65,0000189.00,000.00,000.00,000.00,F ,650240005428 ,                    ,00160
20180307,000745101,DALIDOME PVO 2.2G SOB C12               ,0000191.27,0000229.50,000.00,000.00,000.00,B ,7501258200011,                    ,00161
20180307,000774001,DECOREX 8MG AMP 2ML                     ,0000038.83,0000047.64,000.00,000.00,000.00,B ,7501125163463,                    ,00162
20180307,000779503,DEFLOX 15MG GTS 20ML                    ,0000181.06,0000281.29,000.00,000.00,000.00,F ,7501298214108,                    ,00163
20180307,000779505,DEFLOX 180MG SUSP 120ML                 ,0000157.69,0000244.97,000.00,000.00,000.00,F ,7501298212371,                    ,00164
20180307,000779506,DEFLOX 50MG TAB C12                     ,0000178.09,0000276.66,000.00,000.00,000.00,F ,7501298217338,                    ,00165
20180307,000784004,DELTACORTI OFT 0.5% GTS 5ML             ,0000161.87,0000206.32,000.00,000.00,000.00,B ,736085148060 ,                    ,00166
20180307,000786001,DELTAMID OFT GTS 5ML                    ,0000328.97,0000419.60,000.00,000.00,000.00,B ,736085051063 ,                    ,00167
20180307,000786002,DELTAMID UNGENA PDA 3G                  ,0000219.18,0000279.62,000.00,000.00,000.00,B ,736085244069 ,                    ,00168
20180307,000789701,DENVAR 200MG CAP C12                    ,0000517.83,0000804.47,000.00,000.00,000.00,F ,7501298216201,                    ,00169
20180307,000789709,DENVAR 400MG CAP C10                    ,0000763.43,0001186.00,000.00,000.00,000.00,F ,7501298216331,                    ,00170
20180307,000789707,DENVAR 400MG CAP C3                     ,0000314.44,0000488.48,000.00,000.00,000.00,F ,7501298215501,                    ,00171
20180307,000789708,DENVAR 400MG CAP C6                     ,0000548.39,0000851.93,000.00,000.00,000.00,F ,7501298214375,                    ,00172
20180307,000789705,DENVAR DS 100MG SUSP 100ML              ,0000589.50,0000915.80,000.00,000.00,000.00,F ,7501298216409,                    ,00173
20180307,000789704,DENVAR DS 100MG SUSP 50ML               ,0000442.24,0000687.02,000.00,000.00,000.00,F ,7501298216508,                    ,00174
20180307,000796501,DERMALIVE  0.05% CRA 30G                ,0000196.88,0000250.80,000.00,000.00,000.00,B ,7501258212687,                    ,00175
20180307,000798001,DERMAN CRA 25G                          ,0000019.05,0000028.00,000.00,000.00,000.00,F ,354312225010 ,                    ,00176
20180307,000798002,DERMAN CRA 50G                          ,0000032.68,0000048.00,000.00,000.00,000.00,F ,354312225027 ,                    ,00177
20180307,000801502,DERMOPRADA ESC SOL FPS50 120G           ,0000135.56,0000159.48,016.00,000.00,000.00,FA,650240029462 ,                    ,00178
20180307,000804601,DERSUPRIL CRA 0.05% 15GR                ,0000237.80,0000290.00,000.00,000.00,000.00,B ,7501390913794,                    ,00179
20180307,000804602,DERSUPRIL EMULSION 0.05% 120ML          ,0000330.46,0000403.00,000.00,000.00,000.00,B ,7501390913404,                    ,00180
20180307,000816002,DESPAMEN 100MG INY PRELL C1             ,0000367.68,0000465.41,000.00,000.00,000.00,F ,7501070903411,                    ,00181
20180307,000816001,DESPAMEN INY 1ML AMP C1                 ,0000444.09,0000562.14,000.00,000.00,000.00,F ,7501070900243,                    ,00182
20180307,000816003,DESPAMEN LBD50/25MG SOL INY C1          ,0000367.51,0000465.21,000.00,000.00,000.00,F ,7501070903749,                    ,00183
20180307,000826001,DEXAFRIN OFT SOL GTS 5ML                ,0000193.08,0000246.41,000.00,000.00,000.00,B ,736085053876 ,                    ,00184
20180307,000901006,DITREI AMD 626MG CAP C32                ,0000335.38,0000409.00,016.00,000.00,000.00,BA,7501390913343,                    ,00185
20180307,000927001,DOMEBORO 2.2G PVO SOB C12               ,0000201.17,0000241.38,000.00,000.00,000.00,B ,7501258200028,                    ,00186
20180307,000937001,DRAMAMINE 50MG CPR C24                  ,0000087.97,0000136.10,000.00,000.00,000.00,F ,7501007532363,                    ,00187
20180307,000937004,DRAMAMINE INF 25MG SUP C4               ,0000042.44,0000065.65,000.00,000.00,000.00,F ,300093716018 ,                    ,00188
20180307,000937007,DRAMAMINE JBE 120ML                     ,0000087.98,0000136.11,000.00,000.00,000.00,F ,7501007532349,                    ,00189
20180307,000944501,DULCOLAX 5MG GRAG C30                   ,0000135.23,0000201.95,000.00,000.00,000.00,F ,7501037911152,                    ,00190
20180307,000945201,DUNOX PRO TAB C30                       ,0000315.70,0000385.00,000.00,000.00,000.00,B ,7501390912902,                    ,00191
20180307,000945203,DUNOX SOL 1% FCO 100ML                  ,0000174.66,0000213.00,000.00,000.00,000.00,B ,7501390913282,                    ,00192
20180307,000945202,DUNOX SOL 5% GTS 20ML                   ,0000174.66,0000213.00,000.00,000.00,000.00,B ,7501390913244,                    ,00193
20180307,000949401,DUOSIGHT GEL 1%/5% TUBO 30G             ,0000412.25,0000525.17,000.00,000.00,000.00,N ,7501258214445,                    ,00194
20180307,000949501,DUOTRAV SOL FCO 2.5ML                   ,0000883.13,0001125.00,000.00,000.00,000.00,B ,7501088619557,                    ,00195
20180307,000959301,DUSTALOX OFT SOL GTAS 5ML               ,0000398.19,0000507.27,000.00,000.00,000.00,B ,736085410587 ,                    ,00196
20180307,000961001,DYMISTA D SUSP 0.1%/0.037%              ,0000481.77,0000606.00,000.00,000.00,000.00,H ,4019338606071,                    ,00197
20180307,000972002,EKILID 50MG CAP C40                     ,0000160.39,0000195.59,000.00,000.00,000.00,F ,7501061070085,                    ,00198
20180307,000975032,ELECTROLIT PLAST COCO 1150ML            ,0000047.41,0000058.17,000.00,000.00,000.00,B ,7501125104794,                    ,00199
20180307,000975031,ELECTROLIT PLAST FSA 1150ML             ,0000047.41,0000058.17,000.00,000.00,000.00,B ,7501125104763,                    ,00200
20180307,000975030,ELECTROLIT PLAST MZN 1150ML             ,0000047.41,0000058.17,000.00,000.00,000.00,B ,7501125104770,                    ,00201
20180307,000973301,ELESTAT SOL OFT 5ML                     ,0000721.89,0000878.79,000.00,000.00,000.00,B ,7501201401557,                    ,00202
20180307,000976501,ELIPTIC OFTENO SOL 5ML                  ,0000517.10,0000658.66,000.00,000.00,000.00,B ,736085409833 ,                    ,00203
20180307,000981301,EMOLIN NEO CRA 240G                     ,0000370.40,0000463.00,016.00,000.00,000.00,BA,7703281009412,                    ,00204
20180307,000990003,ENCEPHABOL 200MG GRAG C24               ,0000265.56,0000412.56,000.00,000.00,000.00,F ,7501298228006,                    ,00205
20180307,000990501,ENDURA TM 15ML                          ,0000631.53,0000768.79,000.00,000.00,000.00,B ,7501201400758,                    ,00206
20180307,001058302,ENTEROGERMINA SUSP 4BIL AMPC10          ,0000291.98,0000418.39,000.00,000.00,000.00,F ,7501165010826,                    ,00207
20180307,001002202,ENTRESTO 100MG CPR C30                  ,0001136.66,0001412.00,000.00,000.00,000.00,B ,7501124819293,                    ,00208
20180307,001002203,ENTRESTO 100MG CPR C60                  ,0002271.71,0002822.00,000.00,000.00,000.00,B ,7501124819224,                    ,00209
20180307,001002201,ENTRESTO 50MG CPR C30                   ,0001136.66,0001412.00,000.00,000.00,000.00,B ,7501124819200,                    ,00210
20180307,001026501,ERYFOTONA AK NMSC CREMA 50ML            ,0000480.00,0000618.07,016.00,000.00,000.00,BA,8429420048652,                    ,00211
20180307,001026502,ERYFOTONA AK-NSMC FLUID 50ML            ,0000505.00,0000647.71,016.00,000.00,000.00,BA,8429420062313,                    ,00212
20180307,001031501,ESCLEROVITAN CAP C30                    ,0000287.03,0000445.90,000.00,000.00,000.00,F ,7501298234007,                    ,00213
20180307,001047003,ESTECLIN 300MG CAP C20                  ,0000344.36,0000435.90,000.00,000.00,000.00,F ,7501070981518,                    ,00214
20180307,001047002,ESTECLIN SUSP 90ML                      ,0000237.35,0000300.45,000.00,000.00,000.00,F ,7501070981532,                    ,00215
20180307,001051002,ESTREPTOMICINA INY 1G                   ,0000039.73,0000048.75,000.00,000.00,000.00,B ,7501125107054,                    ,00216
20180307,001065901,EUTIROX 100MCG TAB C50                  ,0000249.01,0000386.84,000.00,000.00,000.00,F ,7501298234601,                    ,00217
20180307,001065909,EUTIROX 112MCG TAB C50                  ,0000265.91,0000413.10,000.00,000.00,000.00,F ,7501298214429,                    ,00218
20180307,001065906,EUTIROX 125MCG TAB C50                  ,0000326.54,0000507.28,000.00,000.00,000.00,F ,7501298209067,                    ,00219
20180307,001065911,EUTIROX 137MCG TAB C50                  ,0000354.55,0000550.80,000.00,000.00,000.00,F ,7501298214436,                    ,00220
20180307,001065907,EUTIROX 150MCG TAB C50                  ,0000401.06,0000623.05,000.00,000.00,000.00,F ,7501298210766,                    ,00221
20180307,001065902,EUTIROX 175MCG TAB C50                  ,0000399.38,0000618.77,000.00,000.00,000.00,F ,7501298223421,                    ,00222
20180307,001065908,EUTIROX 200MCG TAB C50                  ,0000460.47,0000715.34,000.00,000.00,000.00,F ,7501298217901,                    ,00223
20180307,001065905,EUTIROX 25MCG TAB C50                   ,0000083.74,0000130.09,000.00,000.00,000.00,F ,7501298234809,                    ,00224
20180307,001065904,EUTIROX 50MCG TAB C50                   ,0000128.18,0000199.13,000.00,000.00,000.00,F ,7501298234908,                    ,00225
20180307,001065903,EUTIROX 75MCG TAB C50                   ,0000170.25,0000264.49,000.00,000.00,000.00,F ,7501298234700,                    ,00226
20180307,001065912,EUTIROX 88MCG TAB C50                   ,0000208.93,0000324.57,000.00,000.00,000.00,F ,7501298214399,                    ,00227
20180307,001074007,EXELON PCHE 13.3MG/24H SBRE C30         ,0002456.06,0003051.00,000.00,000.00,000.00,B ,7501094942885,                    ,00228
20180307,001074005,EXELON PCHE 4.6MG/24H SBRE C30          ,0002456.06,0003051.00,000.00,000.00,000.00,B ,7501124813994,                    ,00229
20180307,001074006,EXELON PCHE 9.5MG/24H SBRE C30          ,0002456.06,0003051.00,000.00,000.00,000.00,B ,7501124814007,                    ,00230
20180307,001084201,FACLYNEL 10MG CAP C30                   ,0000585.47,0000714.00,000.00,000.00,000.00,N ,7501390914012,                    ,00231
20180307,001084202,FACLYNEL 20MG CAP C30                   ,0001015.97,0001239.00,000.00,000.00,000.00,N ,7501390913992,                    ,00232
20180307,001109002,FENIDANTOIN S 100MG TAB C50             ,0000250.11,0000305.00,000.00,000.00,000.00,B ,7501390910656,                    ,00233
20180307,001125802,FILTROSOL PROTEC SOL CRA 60G            ,0000217.60,0000272.00,016.00,000.00,000.00,BA,7703332003307,                    ,00234
20180307,001125801,FILTROSOL PROTEC SOL GEL 60G            ,0000217.60,0000272.00,016.00,000.00,000.00,BA,7703332003314,                    ,00235
20180307,001125803,FILTROSOL SPRAY SPF30 100ML             ,0000217.60,0000272.00,016.00,000.00,000.00,BA,7703332003338,                    ,00236
20180307,001134501,FLAGYSTATIN V 500MG OV C10              ,0000280.74,0000402.27,000.00,000.00,000.00,F ,7501072340108,                    ,00237
20180307,001136701,FLAREX OFT SUSP 5ML                     ,0000408.99,0000521.00,000.00,000.00,000.00,B ,7501088608117,                    ,00238
20180307,001154002,FLUFORTE SUSP 5ML                       ,0000331.63,0000403.71,000.00,000.00,000.00,B ,7501201407078,                    ,00239
20180307,001155501,FLUMETOL NF OFT GTS 5ML                 ,0000289.92,0000369.43,000.00,000.00,000.00,B ,736085401226 ,                    ,00240
20180307,001163001,FLUXEDAN CPR C24                        ,0000138.80,0000175.70,000.00,000.00,000.00,F ,7501070903237,                    ,00241
20180307,001163002,FLUXEDAN JBE 225ML                      ,0000179.74,0000227.52,000.00,000.00,000.00,F ,7501070900441,                    ,00242
20180307,001175501,FRESH CLEAR GTS 15ML                    ,0000408.40,0000497.16,000.00,000.00,000.00,B ,7501201400802,                    ,00243
20180307,001202501,GAAP OFT 0.005% SOL 3ML                 ,0000660.92,0000841.93,000.00,000.00,000.00,B ,736085402346 ,                    ,00244
20180307,001202502,GAAP PF OFT 0.005% SOL 3ML              ,0000714.68,0000910.49,000.00,000.00,000.00,B ,736085412734 ,                    ,00245
20180307,001204007,GADITAL 150MG CAP C16                   ,0000245.18,0000299.00,000.00,000.00,000.00,B ,7501390910861,                    ,00246
20180307,001210601,GANFORTI SOL 3ML                        ,0000902.30,0001098.41,000.00,000.00,000.00,B ,7501201400635,                    ,00247
20180307,001210602,GANFORTI UD SOL 0.03/05% 0.4ML          ,0000936.50,0001140.05,000.00,000.00,000.00,B ,7501201401298,                    ,00248
20180307,001214401,GARGAX SOL 60ML                         ,0000043.89,0000051.63,016.00,000.00,000.00,FA,650240028335 ,                    ,00249
20180307,001248902,GENTEAL GEL 10ML                        ,0000487.02,0000605.00,016.00,000.00,000.00,BA,7501094913939,                    ,00250
20180307,001248901,GENTEAL GTS 10ML                        ,0000379.16,0000471.00,016.00,000.00,000.00,BA,7501094913243,                    ,00251
20180307,001246001,GERMISDIN HIGIENE CORPORAL C/V 500 ML   ,0000225.00,0000291.69,016.00,000.00,000.00,BA,8470003854849,                    ,00252
20180307,001246002,GERMISDIN Rx Hh ROLL ON 40ML            ,0000256.00,0000334.71,016.00,000.00,000.00,BA,8470003429757,                    ,00253
20180307,001253407,GI KN CEFTRIAXONA IM 1G 3.5ML           ,0000057.45,0000223.39,000.00,000.00,000.00,F ,7501361680151,                    ,00254
20180307,001253406,GI KN CEFTRIAXONA IV 1G 10ML            ,0000053.78,0000223.39,000.00,000.00,000.00,F ,7501361680021,                    ,00255
20180307,001253437,GI KN CLARITROM 500MG TAB C10           ,0000091.43,0000219.45,000.00,000.00,000.00,F ,7501361681073,                    ,00256
20180307,001253452,GI KN LISINOPRIL 10MG TAB C30           ,0000052.41,0000161.73,000.00,000.00,000.00,F ,7501361680861,                    ,00257
20180307,001253420,GI KN LORATADINA 10MG TAB C10           ,0000027.23,0000056.02,000.00,000.00,000.00,F ,7501361680328,                    ,00258
20180307,001253435,GI KN LOSARTAN 50MG CPR C30             ,0000135.23,0000456.42,000.00,000.00,000.00,F ,7501361681288,                    ,00259
20180307,001253450,GI KN VALPROATO M 200MGTAB C40          ,0000054.12,0000099.94,000.00,000.00,000.00,F ,7501361680687,                    ,00260
20180307,001252401,GIABRI 100MG TAB C30                    ,0000503.67,0000782.45,000.00,000.00,000.00,F ,7501298222424,                    ,00261
20180307,001262502,GLICOISDIN ANTIAGEING 15% CRA 50ML      ,0000370.00,0000475.65,016.00,000.00,000.00,BA,8470002589391,                    ,00262
20180307,001262503,GLICOISDIN ANTIAGEING 8% CRA 50ML       ,0000370.00,0000475.65,016.00,000.00,000.00,BA,8470001709103,                    ,00263
20180307,001262501,GLICOISDIN GEL 10 % 50 ML               ,0000370.00,0000475.65,016.00,000.00,000.00,BA,8470002426375,                    ,00264
20180307,001262504,GLICOISDIN GEL 15 % 50 ML               ,0000370.00,0000475.65,016.00,000.00,000.00,BA,8470002426382,                    ,00265
20180307,001262505,GLICOISDIN GEL 25 % 50 ML               ,0000370.00,0000475.65,016.00,000.00,000.00,BA,8470002438330,                    ,00266
20180307,001263001,GLICOLI CRA 60G                         ,0000391.20,0000489.00,016.00,000.00,000.00,BA,7705849004013,                    ,00267
20180307,001263002,GLICOLI LOC 60ML                        ,0000391.20,0000489.00,016.00,000.00,000.00,BA,7705849004020,                    ,00268
20180307,001272102,GLUCOVANCE 500MG 2.5 TAB C60            ,0000336.23,0000522.34,000.00,000.00,000.00,F ,7501298244808,                    ,00269
20180307,001272103,GLUCOVANCE 500MG 5MG TAB C60            ,0000382.74,0000594.60,000.00,000.00,000.00,F ,7501298244907,                    ,00270
20180307,001314002,HEMAMINA JET SOL ORAL AMP 5ML C10       ,0000245.18,0000299.00,000.00,000.00,000.00,H ,7501390912605,                    ,00271
20180307,001314001,HEMAMINA ORAL AMP 10ML C10              ,0000221.39,0000270.00,016.00,000.00,000.00,HA,7501390910953,                    ,00272
20180307,001361009,HISTIACIL NF AD JBE 150ML               ,0000090.74,0000151.40,000.00,000.00,000.00,F ,7501328979502,                    ,00273
20180307,001361016,HISTIACIL NF CAP C10                    ,0000055.20,0000092.09,000.00,000.00,000.00,F ,7501328979885,                    ,00274
20180307,001361024,HISTIACIL NF CAP C20                    ,0000094.41,0000157.54,000.00,000.00,000.00,F ,7501165007659,                    ,00275
20180307,001361010,HISTIACIL NF INF JBE 150ML              ,0000091.11,0000152.02,000.00,000.00,000.00,F ,7501328979496,                    ,00276
20180307,001361012,HISTIACIL NF PED GTS 30ML               ,0000069.29,0000115.62,000.00,000.00,000.00,F ,7501328979724,                    ,00277
20180307,001373701,HUMYLUB OFT SOL 15ML                    ,0000425.16,0000541.69,000.00,000.00,000.00,B ,736085405668 ,                    ,00278
20180307,001373702,HUMYLUB PF OFT SOL 10ML                 ,0000446.65,0000569.08,000.00,000.00,000.00,B ,736085410808 ,                    ,00279
20180307,001334501,HYALOX OFT 0.5ML AMP C20                ,0000280.47,0000357.28,000.00,000.00,000.00,B ,736085280098 ,                    ,00280
20180307,001385003,ICY HOT BALM FRASCO 100G                ,0000065.54,0000108.25,016.00,000.00,000.00,FA,7501165008892,                    ,00281
20180307,001385001,ICY HOT CRA TBO 35.4G                   ,0000051.45,0000084.95,016.00,000.00,000.00,FA,7501165008700,                    ,00282
20180307,001385002,ICY HOT CRA TBO 85G                     ,0000085.75,0000141.59,016.00,000.00,000.00,FA,7501165008717,                    ,00283
20180307,001385005,ICY HOT PARCHES 10X20 CM C5             ,0000077.58,0000128.11,016.00,000.00,000.00,FA,7501165009028,                    ,00284
20180307,001392501,IFAFONAL 10MG TAB C20                   ,0000209.35,0000265.00,000.00,000.00,000.00,N ,7501249603036,                    ,00285
20180307,001406202,IMOT OFT 0.5% SOL 15ML                  ,0000116.84,0000149.41,000.00,000.00,000.00,B ,736085401288 ,                    ,00286
20180307,001415902,INFALIN DUO 3MG SOL 10ML                ,0000227.80,0000288.36,000.00,000.00,000.00,F ,7501124180782,                    ,00287
20180307,001416101,INHEPAR 1000UI AMP 10ML                 ,0000067.48,0000082.79,000.00,000.00,000.00,B ,7501125115585,                    ,00288
20180307,001416102,INHEPAR 5000UI AMP 10ML                 ,0000178.64,0000219.19,000.00,000.00,000.00,B ,7501125115639,                    ,00289
20180307,001416103,INHEPAR 5000UI AMP 5ML                  ,0000106.05,0000130.12,000.00,000.00,000.00,B ,7501125115622,                    ,00290
20180307,001424005,INSOGEN P NF 513/125MG TAB C40          ,0000266.50,0000325.00,000.00,000.00,000.00,H ,7501390910977,                    ,00291
20180307,001424004,INSOGEN P NF 513/125MG TAB C80          ,0000479.70,0000585.00,000.00,000.00,000.00,H ,7501390910984,                    ,00292
20180307,001428901,INTAL 5 AER 112 APLIC 16G               ,0000551.13,0000789.73,000.00,000.00,000.00,F ,7501072380029,                    ,00293
20180307,001431001,IOPZOX OFTENO SOL 5ML                   ,0000460.16,0000586.37,000.00,000.00,000.00,B ,736085409857 ,                    ,00294
20180307,001433901,IRALFARIS SHAMPOO 200 ML                ,0000293.00,0000375.92,016.00,000.00,000.00,BA,8429420058729,                    ,00295
20180307,001437002,IRIDUS 100MG CAP C15                    ,0000245.08,0000351.17,000.00,000.00,000.00,F ,7501174602609,                    ,00296
20180307,001440318,ISDIN FOTO ULTRA 90 FPS50+ 50ML         ,0000346.00,0000444.98,016.00,000.00,000.00,BA,8470003450829,                    ,00297
20180307,001440315,ISDIN FOTOP ARENA COMPACT 50+FPS        ,0000303.00,0000388.88,016.00,000.00,000.00,BA,8470001716125,                    ,00298
20180307,001440316,ISDIN FOTOP BRONC COMPACT 50+FPS        ,0000303.00,0000388.88,016.00,000.00,000.00,BA,8470001654557,                    ,00299
20180307,001440302,ISDIN FOTOP FUSI?N AIR 50+ 200 ML       ,0000353.00,0000454.55,016.00,000.00,000.00,BA,8429420107496,                    ,00300
20180307,001440303,ISDIN FOTOP FUSION FLUID 50+ 50 ML      ,0000339.00,0000436.75,016.00,000.00,000.00,BA,8470001525369,                    ,00301
20180307,001440304,ISDIN FOTOP FUSION FLUID 50+ COLOR 50 ML,0000339.00,0000436.75,016.00,000.00,000.00,BA,8470001585066,                    ,00302
20180307,001440305,ISDIN FOTOP FUSION GEL 50+ 100 ML       ,0000346.00,0000444.98,016.00,000.00,000.00,BA,8470001631695,                    ,00303
20180307,001440306,ISDIN FOTOP FUSI?N WATER 50+ 50 ML      ,0000346.00,0000446.56,016.00,000.00,000.00,BA,8429420107502,                    ,00304
20180307,001440307,ISDIN FOTOP GEL CREAM 50+ 200 ML        ,0000370.00,0000476.38,016.00,000.00,000.00,BA,8470003331180,                    ,00305
20180307,001440319,ISDIN FOTOP PEDIA SPRAY 200ML           ,0000346.00,0000444.98,016.00,000.00,000.00,BA,8470001521446,                    ,00306
20180307,001440308,ISDIN FOTOP PEDICTRICS 50+ GEL-CREMA 150,0000346.00,0000444.98,016.00,000.00,000.00,BA,8470001527332,                    ,00307
20180307,001440313,ISDIN FOTOP SUNBRUSH M 50+ 4G           ,0000467.00,0000599.86,016.00,000.00,000.00,BA,8429420125100,                    ,00308
20180307,001440309,ISDIN FOTOPTRANS SPR 50+200ML           ,0000346.00,0000444.98,016.00,000.00,000.00,BA,8470001559319,                    ,00309
20180307,001440314,ISDIN FOTOU AGE REP F50+ 50ML           ,0000454.00,0000582.88,016.00,000.00,000.00,BA,8429420122574,                    ,00310
20180307,001440310,ISDIN FPSPRAY WETSKIN50+200ML           ,0000353.00,0000452.79,016.00,000.00,000.00,BA,8470001674234,                    ,00311
20180307,001440311,ISDIN FU 100 ACTIVE UNIFY50ML           ,0000370.00,0000476.38,016.00,000.00,000.00,BA,8470001674227,                    ,00312
20180307,001440312,ISDIN FU 100 SPOT PREVENT50ML           ,0000353.00,0000454.55,016.00,000.00,000.00,BA,8470001631688,                    ,00313
20180307,001441802,ISMIGEN SUBLING 50MG TAB C10            ,0000368.62,0000572.66,000.00,000.00,000.00,F ,7501559601159,                    ,00314
20180307,001441801,ISMIGEN SUBLING 50MG TAB C30            ,0000880.07,0001367.21,000.00,000.00,000.00,F ,7501559614135,                    ,00315
20180307,001443007,ISODINE ANTISEP SOL 120ML               ,0000101.67,0000156.53,016.00,000.00,000.00,FA,7501034635020,                    ,00316
20180307,001443002,ISODINE BUCOF SOL 120ML                 ,0000095.80,0000162.57,016.00,000.00,000.00,FA,7501034635044,                    ,00317
20180307,001443003,ISODINE ESPUMA 120ML                    ,0000104.66,0000161.14,016.00,000.00,000.00,FA,7501034635013,                    ,00318
20180307,001453105,ITALDERMOL 12G GASAS C3                 ,0000213.20,0000260.00,000.00,000.00,000.00,B ,7501390911042,                    ,00319
20180307,001453103,ITALDERMOL CRA 10G                      ,0000184.50,0000225.00,000.00,000.00,000.00,B ,7501390911011,                    ,00320
20180307,001453101,ITALDERMOL CRA 30G                      ,0000387.85,0000473.00,000.00,000.00,000.00,B ,7501390910991,                    ,00321
20180307,001453107,ITALDERMOL G CRA 10G                    ,0000200.90,0000245.00,000.00,000.00,000.00,B ,7501390913374,                    ,00322
20180307,001453106,ITALDERMOL G CRA 30G                    ,0000426.39,0000520.00,000.00,000.00,000.00,B ,7501390911004,                    ,00323
20180307,001453102,ITALDERMOL OV C6                        ,0000327.18,0000399.00,000.00,000.00,000.00,B ,7501390911035,                    ,00324
20180307,001453003,ITALVIRON CPR C50                       ,0000332.92,0000406.00,016.00,000.00,000.00,BA,7501390912513,                    ,00325
20180307,001453005,ITALVIRON DHA MAMA CAP C30              ,0000319.80,0000390.00,016.00,000.00,000.00,BA,7501390913121,                    ,00326
20180307,001453002,ITALVIRON JBE 150ML                     ,0000252.57,0000308.00,016.00,000.00,000.00,BA,7501390912520,                    ,00327
20180307,001453004,ITALVIRON KIDS 2.5G SOB C30             ,0000312.42,0000381.00,016.00,000.00,000.00,BA,7501390912988,                    ,00328
20180307,001453702,ITRAVIL 30MG CAP C60                    ,0001181.05,0001495.00,000.00,000.00,000.00,N ,7501249605337,                    ,00329
20180307,001453703,ITRAVIL AP 60MG CAP C30                 ,0000533.25,0000675.00,000.00,000.00,000.00,N ,7501249601322,                    ,00330
20180307,001470601,JUVENUM E JERINGA PVO 1MG 1ML           ,0000618.27,0000782.62,000.00,000.00,000.00,F ,7501124181628,                    ,00331
20180307,001470602,JUVENUM E JGA SUSP 0.5MG 0.5ML          ,0000618.27,0000782.62,000.00,000.00,000.00,F ,7501124181611,                    ,00332
20180307,001470603,JUVENUM JGA SUSP 20MG/1MG 1ML           ,0000618.27,0000782.62,000.00,000.00,000.00,F ,7501124181666,                    ,00333
20180307,001475402,KAMILLOSAN CREMA 20G                    ,0000156.62,0000197.00,000.00,000.00,000.00,H ,4019338348254,                    ,00334
20180307,001494401,KETOMED 2% SH 100ML                     ,0000399.20,0000499.00,016.00,000.00,000.00,BA,7703332003031,                    ,00335
20180307,001501601,KINOR 26% SOL 5ML                       ,0000289.46,0000353.00,000.00,000.00,000.00,B ,7501390917099,                    ,00336
20180307,001521801,KRYTANTEK OFT SOL 5ML                   ,0000815.45,0001038.87,000.00,000.00,000.00,B ,736085905373 ,                    ,00337
20180307,001528402,LACTEOL FTE CAP C16                     ,0000221.27,0000280.09,000.00,000.00,000.00,F ,7501124103378,                    ,00338
20180307,001528701,LACTIBON 120ML                          ,0000200.00,0000250.00,016.00,000.00,000.00,BA,7703332003352,                    ,00339
20180307,001528702,LACTIBON SYNDET PH3.5 JBN 120G          ,0000200.00,0000250.00,016.00,000.00,000.00,BA,7703281004325,                    ,00340
20180307,001529801,LACTIFLORA FEM CAP C6                   ,0000286.19,0000349.00,016.00,000.00,000.00,BA,7501390912599,                    ,00341
20180307,001529501,LACTIPAN CAP C12                        ,0000253.38,0000309.00,016.00,000.00,000.00,BA,7501390911226,                    ,00342
20180307,001529503,LACTIPAN PED 1G SOB C6                  ,0000186.14,0000227.00,016.00,000.00,000.00,BA,7501390911219,                    ,00343
20180307,001529502,LACTIPAN PED SOB 1G C12                 ,0000303.40,0000370.00,016.00,000.00,000.00,BA,7501390911264,                    ,00344
20180307,001534101,LAGRICEL OFT 4MG/ML SBR C4 20DOSIS      ,0000376.57,0000480.10,016.00,000.00,000.00,BA,736085280005 ,                    ,00345
20180307,001534003,LAGRIFILM PLUS OFT SOL 15ML             ,0000414.40,0000504.46,000.00,000.00,000.00,B ,7501201401656,                    ,00346
20180307,001534401,LAMBDAPIL ANTICAIDA LOC 125ML           ,0000551.00,0000708.37,016.00,000.00,000.00,BA,8429420083585,                    ,00347
20180307,001534402,LAMBDAPIL ANTICAIDA SH 200ML            ,0000215.00,0000281.17,016.00,000.00,000.00,BA,8470001648198,                    ,00348
20180307,001534817,LAMISIL 250MG CPR C10                   ,0000630.32,0000783.00,000.00,000.00,000.00,B ,7501124813451,                    ,00349
20180307,001534815,LAMISIL 250MG CPR C20                   ,0001043.28,0001296.00,000.00,000.00,000.00,B ,7501124813468,                    ,00350
20180307,001534818,LAMISIL 250MG CPR C30                   ,0001424.85,0001770.00,000.00,000.00,000.00,B ,7501124813475,                    ,00351
20180307,001534816,LAMISIL 250MG CPR C30 PAQ C3            ,0002845.68,0003535.00,000.00,000.00,000.00,B ,7501124814090,                    ,00352
20180307,001536502,LANTUS 100UI 10ML INY AMP C1            ,0001253.77,0001796.56,000.00,000.00,000.00,F ,7501165002937,                    ,00353
20180307,001548001,LASILACTON 50/20MG CAP C16              ,0000302.22,0000433.07,000.00,000.00,000.00,F ,7501165000179,                    ,00354
20180307,001549002,LASIX 20MG 2ML AMP C5                   ,0000191.96,0000275.07,000.00,000.00,000.00,F ,7501165000186,                    ,00355
20180307,001549001,LASIX 40MG TAB C24                      ,0000146.17,0000209.45,000.00,000.00,000.00,F ,7501165000193,                    ,00356
20180307,001549101,LASTACAFT 2.5MG SOL 3ML                 ,0000744.29,0000906.05,000.00,000.00,000.00,B ,7501201401014,                    ,00357
20180307,001554002,LAV OFT SOL 100ML                       ,0000093.12,0000118.87,000.00,000.00,000.00,B ,736085105032 ,                    ,00358
20180307,001557002,LAXOBERON 5MG CPR C20                   ,0000130.80,0000199.32,000.00,000.00,000.00,F ,7501037945010,                    ,00359
20180307,001567501,LEGALON 70MG GRAG C20                   ,0000306.08,0000385.00,000.00,000.00,000.00,H ,7501092760016,                    ,00360
20180307,001585001,LIBERAN CPR C60                         ,0000158.51,0000200.65,000.00,000.00,000.00,F ,7501070901080,                    ,00361
20180307,001586001,LIBERTRIM 100MG CPR C20                 ,0000153.07,0000193.76,000.00,000.00,000.00,F ,7501070903497,                    ,00362
20180307,001586004,LIBERTRIM 100MG CPR C50                 ,0000307.10,0000388.74,000.00,000.00,000.00,F ,7501070903503,                    ,00363
20180307,001586006,LIBERTRIM 200MG CPR C24                 ,0000306.75,0000388.29,000.00,000.00,000.00,F ,7501070903800,                    ,00364
20180307,001586011,LIBERTRIM 200MG CPR C48                 ,0000488.45,0000618.29,000.00,000.00,000.00,F ,7501070903817,                    ,00365
20180307,001586002,LIBERTRIM ALFA COMPRIMIDOS C32          ,0000511.26,0000647.17,000.00,000.00,000.00,F ,7501124182885,                    ,00366
20180307,001586010,LIBERTRIM F A 5ML C6                    ,0000492.07,0000622.87,000.00,000.00,000.00,F ,7501070901059,                    ,00367
20180307,001586016,LIBERTRIM LP CPR 20                     ,0000406.86,0000515.02,000.00,000.00,000.00,F ,7501124181598,                    ,00368
20180307,001586017,LIBERTRIM LP CPR 30                     ,0000459.61,0000581.78,000.00,000.00,000.00,F ,7501124181826,                    ,00369
20180307,001586012,LIBERTRIM PED SUSP GTS 30ML             ,0000162.91,0000206.21,000.00,000.00,000.00,F ,7501070903053,                    ,00370
20180307,001586013,LIBERTRIM SDP SUSP 30ML                 ,0000199.37,0000252.37,000.00,000.00,000.00,F ,7501070903350,                    ,00371
20180307,001586014,LIBERTRIM SII 200/75MG CPR C24          ,0000363.98,0000460.73,000.00,000.00,000.00,F ,7501070903695,                    ,00372
20180307,001586015,LIBERTRIMSII 100/37.5MG CPRC20          ,0000242.19,0000306.57,000.00,000.00,000.00,F ,7501070903688,                    ,00373
20180307,001602401,LINICIN LOCION 100ML                    ,0000148.67,0000187.00,016.00,000.00,000.00,HA,4019338604954,                    ,00374
20180307,001602403,LINICIN PREVENT SPRAY 100ML             ,0000143.90,0000181.00,016.00,000.00,000.00,HA,4019338604978,                    ,00375
20180307,001602402,LINICIN SHAMPOO 10 MIN 100ML            ,0000139.13,0000175.00,016.00,000.00,000.00,HA,4019338604961,                    ,00376
20180307,001602602,LINZESS 0.145MG CAP C30                 ,0001146.81,0001623.30,000.00,000.00,000.00,N ,7501201401519,                    ,00377
20180307,001602601,LINZESS 0.290MG CAP C30                 ,0001369.36,0001938.30,000.00,000.00,000.00,N ,7501201401427,                    ,00378
20180307,001639005,LOMOTIL 2MG TAB C8                      ,0000075.73,0000117.16,000.00,000.00,000.00,F ,7501057002663,                    ,00379
20180307,001643001,LONOL CRA 60G                           ,0000110.54,0000201.32,000.00,000.00,000.00,F ,7501034645012,                    ,00380
20180307,001643002,LONOL NEBUL SOL 30ML                    ,0000418.98,0000638.49,000.00,000.00,000.00,F ,7501034645029,                    ,00381
20180307,001643003,LONOL SPORT GEL 30G                     ,0000073.29,0000133.49,000.00,000.00,000.00,F ,7501034645067,                    ,00382
20180307,001644201,LOPROX 0.08G LACA SOL 3ML               ,0000651.96,0000934.21,000.00,000.00,000.00,F ,7501165001619,                    ,00383
20180307,001644202,LOPROX 1% CRA 20G                       ,0000218.43,0000313.00,000.00,000.00,000.00,F ,7501165001886,                    ,00384
20180307,001392203,LOSE 1MG TAB C30                        ,0000331.80,0000420.00,000.00,000.00,000.00,N ,7501249601490,                    ,00385
20180307,001392205,LOSE 2MG TAB C30                        ,0000426.60,0000540.00,000.00,000.00,000.00,N ,7501249605252,                    ,00386
20180307,001646201,LOTESOFT 0.5% SUSP OFT 5ML              ,0000313.21,0000399.00,000.00,000.00,000.00,B ,7795368054545,                    ,00387
20180307,001649801,LUMIGAN 3ML C1                          ,0000794.92,0000967.69,000.00,000.00,000.00,B ,7501201400352,                    ,00388
20180307,001649802,LUMIGAN RC 3ML C1                       ,0000779.80,0000949.27,000.00,000.00,000.00,B ,7501201400833,                    ,00389
20180307,001650001,LUNARIUM 100/300MG CAP C14              ,0000241.08,0000294.00,000.00,000.00,000.00,B ,7501390913848,                    ,00390
20180307,001650002,LUNARIUM 100/300MG CAP C28              ,0000446.07,0000544.00,000.00,000.00,000.00,B ,7501390913862,                    ,00391
20180307,001655001,LUXTER SUPL ALIM TAB C60                ,0000508.60,0000647.89,016.00,000.00,000.00,BA,736085214482 ,                    ,00392
20180307,001660802,LYXUMIA 20 3ML INY CART C1              ,0001057.86,0001515.84,000.00,000.00,000.00,F ,7501165009004,                    ,00393
20180307,001662005,MACMIROR 400MG CAP C8                   ,0000248.46,0000303.00,000.00,000.00,000.00,B ,7501390911554,                    ,00394
20180307,001662006,MACMIROR COMPLEX V 30G APLI C6          ,0000385.39,0000470.00,000.00,000.00,000.00,B ,7501390911547,                    ,00395
20180307,001662007,MACMIROR COMPLEX V 500G OV C6           ,0000359.15,0000438.00,000.00,000.00,000.00,B ,7501390911561,                    ,00396
20180307,001662008,MACMIROR V DUAL OV C6/CRA 10G           ,0000393.61,0000480.00,000.00,000.00,000.00,B ,7501390913305,                    ,00397
20180307,001694032,MANZANILLA SOPHIA GTS 15ML              ,0000052.19,0000066.66,000.00,000.00,000.00,B ,736085278507 ,                    ,00398
20180307,001710001,MAXIBOL 1MG CAP C16                     ,0000122.13,0000175.00,000.00,000.00,000.00,F ,7501174603200,                    ,00399
20180307,001713004,MAXITROL GTS SUSP 5ML                   ,0000536.16,0000683.00,000.00,000.00,000.00,B ,7501088606403,                    ,00400
20180307,001713003,MAXITROL UNG 3.5G                       ,0000460.01,0000586.00,000.00,000.00,000.00,B ,7501088606304,                    ,00401
20180307,001737026,MELOX NCHE SUSP 180ML                   ,0000087.09,0000140.47,000.00,000.00,000.00,F ,7501165005594,                    ,00402
20180307,001737021,MELOX PLUS CZA SUSP 360ML               ,0000068.25,0000110.10,000.00,000.00,000.00,F ,7501072310392,                    ,00403
20180307,001737024,MELOX PLUS CZA TAB MAST C30             ,0000045.06,0000072.68,000.00,000.00,000.00,F ,7501165002906,                    ,00404
20180307,001737022,MELOX PLUS CZA TAB MAST C50             ,0000060.14,0000097.01,000.00,000.00,000.00,F ,7501165002890,                    ,00405
20180307,001737019,MELOX PLUS MTA SUSP 360ML               ,0000068.25,0000110.10,000.00,000.00,000.00,F ,7501072310378,                    ,00406
20180307,001737025,MELOX PLUS MTA TAB MAST C30             ,0000045.06,0000072.68,000.00,000.00,000.00,F ,7501165002920,                    ,00407
20180307,001737023,MELOX PLUS MTA TAB MAST C50             ,0000060.14,0000097.01,000.00,000.00,000.00,F ,7501165002913,                    ,00408
20180307,001737029,MELOX PLUS NCHE 360ML                   ,0000122.78,0000198.04,000.00,000.00,000.00,F ,7501165006430,                    ,00409
20180307,001740501,MENSIFEM 20MG TAB C30                   ,0000340.30,0000415.00,000.00,000.00,000.00,B ,4029799161026,                    ,00410
20180307,001740502,MENSIFEM 20MG TAB C60                   ,0000557.61,0000680.00,000.00,000.00,000.00,B ,4029799161033,                    ,00411
20180307,001758002,METICEL OFT 0.5% SOL GTS 10ML           ,0000254.40,0000324.68,000.00,000.00,000.00,B ,736085114041 ,                    ,00412
20180307,001758001,METICEL OFT 2% SOL 10ML                 ,0000202.10,0000257.80,000.00,000.00,000.00,B ,736085117004 ,                    ,00413
20180307,001765001,METOTROP CREMA 10% 40G                  ,0000163.77,0000206.00,000.00,000.00,000.00,H ,7501303455793,                    ,00414
20180307,001765004,METOTROP GEL 5% 40G                     ,0000134.36,0000169.00,000.00,000.00,000.00,H ,4019338605869,                    ,00415
20180307,001765002,METOTROP IM 1G AMP 2ML C1               ,0000108.92,0000137.00,000.00,000.00,000.00,H ,7501303441383,                    ,00416
20180307,001765003,METOTROP IM 1G AMP 2ML C3               ,0000253.61,0000319.00,000.00,000.00,000.00,H ,7501303433029,                    ,00417
20180307,001789001,MIDAZOL OFT SOL GTS 15ML                ,0000145.95,0000185.93,000.00,000.00,000.00,B ,736085120332 ,                    ,00418
20180307,001801271,MINOPAC 100MG TAB C12                   ,0000399.34,0000487.00,000.00,000.00,000.00,B ,7501390913091,                    ,00419
20180307,001801272,MINOPAC 50MG TAB C24                    ,0000399.34,0000487.00,000.00,000.00,000.00,B ,7501390913084,                    ,00420
20180307,001810701,MODUSIK A 0.1% OFT GTS 5ML              ,0000744.65,0000949.10,000.00,000.00,000.00,B ,736085401530 ,                    ,00421
20180307,001822003,MUCOLIN 375MG CAP C20                   ,0000126.80,0000181.69,000.00,000.00,000.00,F ,7501328976594,                    ,00422
20180307,001841501,MYFUNGAR CRA 20G                        ,0000245.18,0000299.00,000.00,000.00,000.00,B ,7501390919956,                    ,00423
20180307,001847801,NABIAN K 25MG TAB C20                   ,0000134.30,0000170.00,000.00,000.00,000.00,B ,7502216796041,                    ,00424
20180307,001853001,NAPHACEL OFT SOL GTS 15ML               ,0000260.45,0000332.06,000.00,000.00,000.00,B ,736085126006 ,                    ,00425
20180307,001853301,NAPHTEARS OFT SOL 15ML                  ,0000423.12,0000539.00,000.00,000.00,000.00,B ,7501088617355,                    ,00426
20180307,001853701,NASACORT AQ 16.5ML SPRY 120DOS          ,0000539.58,0000773.18,000.00,000.00,000.00,F ,7501072340665,                    ,00427
20180307,001853902,NASALUB INF NEB SOL 30ML                ,0000038.17,0000044.90,000.00,000.00,000.00,F ,650240015571 ,                    ,00428
20180307,001853906,NASALUB MAX SPRAY 100ML                 ,0000113.50,0000133.53,016.00,000.00,000.00,FA,650240015687 ,                    ,00429
20180307,001853905,NASALUB SOL AD 30ML                     ,0000038.17,0000044.90,000.00,000.00,000.00,F ,650240015366 ,                    ,00430
20180307,001861004,NATURALAG GTS 15ML                      ,0000151.49,0000203.00,016.00,000.00,000.00,BA,7501088605857,                    ,00431
20180307,001861002,NATURALAG UNG 3.5G                      ,0000155.23,0000208.00,016.00,000.00,000.00,BA,7501088607806,                    ,00432
20180307,001864002,NAZIL CONTAMINA OFT GTS 15ML            ,0000054.97,0000070.49,000.00,000.00,000.00,B ,736085410211 ,                    ,00433
20180307,001864001,NAZIL OFT GTS 15ML                      ,0000054.98,0000070.49,000.00,000.00,000.00,B ,736085132069 ,                    ,00434
20180307,001872401,NEOCHOLAL AMP 10ML C10                  ,0000328.01,0000400.00,000.00,000.00,000.00,B ,7501390912582,                    ,00435
20180307,001872411,NEOCHOLAL CAPSULAS C14                  ,0000227.97,0000278.00,000.00,000.00,000.00,B ,7501390913909,                    ,00436
20180307,001872412,NEOCHOLAL CAPSULAS C28                  ,0000409.18,0000499.00,000.00,000.00,000.00,B ,7501390913923,                    ,00437
20180307,001875008,NEOMELUBRINA 1G AMP 2ML C5              ,0000086.45,0000123.87,000.00,000.00,000.00,F ,7501165000254,                    ,00438
20180307,001875001,NEOMELUBRINA 2.5G AMP 5ML C5            ,0000111.76,0000160.15,000.00,000.00,000.00,F ,7501165000278,                    ,00439
20180307,001875007,NEOMELUBRINA 5.25G JBE 100ML            ,0000096.71,0000138.58,000.00,000.00,000.00,F ,7501165000315,                    ,00440
20180307,001875006,NEOMELUBRINA 500MG GTS 15ML             ,0000071.80,0000102.89,000.00,000.00,000.00,F ,7501165000285,                    ,00441
20180307,001875003,NEOMELUBRINA 500MG TAB C10              ,0000061.13,0000087.60,000.00,000.00,000.00,F ,7501165000230,                    ,00442
20180307,001875011,NEOMELUBRINA INF 300MG SUP C5           ,0000061.06,0000087.50,000.00,000.00,000.00,F ,7501165000308,                    ,00443
20180307,001886801,NEOMIXEN 250MG TAB C10                  ,0000083.51,0000102.47,000.00,000.00,000.00,B ,7501125109706,                    ,00444
20180307,001878001,NEOPANLACTICOS ORAL AMP 5ML C6          ,0000252.57,0000308.00,016.00,000.00,000.00,BA,7501390912537,                    ,00445
20180307,001878002,NEOPANLACTICOS PLUS SOB C12             ,0000211.56,0000258.00,016.00,000.00,000.00,BA,7501390912544,                    ,00446
20180307,001891701,NEOTREX 20MG CAP C30                    ,0001129.46,0001438.80,000.00,000.00,000.00,N ,7501258205818,                    ,00447
20180307,001914501,NEVANAC SUSP 1.0MG 5ML                  ,0000476.50,0000607.00,000.00,000.00,000.00,B ,7501088618451,                    ,00448
20180307,001916702,NEXT 500MG TAB C10                      ,0000022.87,0000026.90,000.00,000.00,000.00,F ,650240010538 ,                    ,00449
20180307,001916704,NEXT GRIPA TAB C20                      ,0000040.72,0000047.90,000.00,000.00,000.00,F ,650240031700 ,                    ,00450
20180307,001950702,NO SPA 40MG TAB C20                     ,0000222.84,0000319.31,000.00,000.00,000.00,F ,7501165007291,                    ,00451
20180307,001950703,NO SPA 80MG TAB C20                     ,0000288.82,0000413.86,000.00,000.00,000.00,F ,7501165007307,                    ,00452
20180307,001957001,NOVOTIRAL TAB C50                       ,0000269.94,0000419.36,000.00,000.00,000.00,F ,7501298269009,                    ,00453
20180307,001972701,NUTRABALM PERIORAL 10ML                 ,0000084.00,0000114.67,016.00,000.00,000.00,BA,8429420076204,                    ,00454
20180307,001973801,NUTRATOPIC PRO AMP 50 ML                ,0000319.00,0000410.82,016.00,000.00,000.00,BA,8470001547927,                    ,00455
20180307,001973802,NUTRATOPIC PRO AMP CRA 200ML            ,0000319.00,0000410.82,016.00,000.00,000.00,BA,8470002006454,                    ,00456
20180307,001973803,NUTRATOPIC PRO AMP GEL BA?O 750ML       ,0000303.00,0000388.88,016.00,000.00,000.00,BA,8470001509840,                    ,00457
20180307,001974501,NUTREM CRA 30G                          ,0000300.00,0000375.00,016.00,000.00,000.00,BA,7705849004211,                    ,00458
20180307,001987301,OCUFLOX OFT SOL 5ML                     ,0000541.27,0000658.91,000.00,000.00,000.00,B ,7501201448156,                    ,00459
20180307,001987601,OCUSOFT KIT ESP 50ML/100 PADS           ,0000291.04,0000370.76,016.00,000.00,000.00,BA,015718306009 ,                    ,00460
20180307,002011901,ONBRIZE BREEZHALE150MCG CAPC30          ,0000754.29,0000937.00,000.00,000.00,000.00,B ,7501124816247,                    ,00461
20180307,002011902,ONBRIZE BREEZHALE300MCG CAPC30          ,0000754.29,0000937.00,000.00,000.00,000.00,B ,7501124816254,                    ,00462
20180307,002021708,OPTIVE ADVANCED OFT 10ML                ,0000455.03,0000553.92,016.00,000.00,000.00,BA,7501201401120,                    ,00463
20180307,002021704,OPTIVE ENDURA 20UNIDOSIS 0.4ML          ,0000641.47,0000780.89,000.00,000.00,000.00,B ,7501201401663,                    ,00464
20180307,002021707,OPTIVE SOL OFT 0.4 ML UNIDOSIS C30      ,0000441.75,0000537.77,016.00,000.00,000.00,BA,7501201401090,                    ,00465
20180307,002021703,OPTIVE SOL OFT 10ML                     ,0000438.48,0000533.78,016.00,000.00,000.00,BA,7501201400710,                    ,00466
20180307,002021701,OPTIVE SOL OFT 15ML                     ,0000538.86,0000655.98,016.00,000.00,000.00,BA,7501201400659,                    ,00467
20180307,002022001,OPTIVISION CAP C60                      ,0000448.77,0000572.06,016.00,000.00,000.00,BA,736085207743 ,                    ,00468
20180307,002027502,ORANOR GRAG C10                         ,0000340.46,0000430.97,000.00,000.00,000.00,F ,7501070903107,                    ,00469
20180307,002027501,ORANOR GRAG C20                         ,0000559.13,0000707.76,000.00,000.00,000.00,F ,7501070903114,                    ,00470
20180307,002031105,ORELOX 200MG CPR C10                    ,0000545.43,0000781.56,000.00,000.00,000.00,F ,7501165007697,                    ,00471
20180307,002031107,ORELOX 200MG CPR C20                    ,0000909.35,0001303.04,000.00,000.00,000.00,F ,7501165009875,                    ,00472
20180307,002031103,ORELOX 40MG/5ML SUSP 100ML              ,0000334.20,0000478.89,000.00,000.00,000.00,F ,7501165006676,                    ,00473
20180307,002074901,OXYLIN FILM OFT SOL 10ML                ,0000480.82,0000585.33,000.00,000.00,000.00,B ,7501201448088,                    ,00474
20180307,002128001,PASSIFLORINE N SOL 115ML                ,0000050.15,0000059.00,000.00,000.00,000.00,F ,650240029004 ,                    ,00475
20180307,002128002,PASSIFLORINE N SOL 225ML                ,0000089.17,0000104.90,000.00,000.00,000.00,F ,650240029011 ,                    ,00476
20180307,002128004,PASSIFLORINE RN TAB C30                 ,0000135.92,0000159.90,000.00,000.00,000.00,F ,650240028991 ,                    ,00477
20180307,002128003,PASSIFLORINE RN TAB C8                  ,0000054.40,0000064.00,000.00,000.00,000.00,F ,650240028984 ,                    ,00478
20180307,002104501,PATANOL 0.1% GTS 5ML                    ,0000674.32,0000859.00,000.00,000.00,000.00,B ,7501088617058,                    ,00479
20180307,002104502,PATANOL 0.2% SOL GTS 2.5ML              ,0000674.32,0000859.00,000.00,000.00,000.00,B ,7501088604058,                    ,00480
20180307,002131001,PATECTOR 150MG AMP 1ML C1               ,0000224.83,0000284.60,000.00,000.00,000.00,F ,7501070903084,                    ,00481
20180307,002131003,PATECTOR 150MG S INY PRELL C1           ,0000194.79,0000246.57,000.00,000.00,000.00,F ,7501070903336,                    ,00482
20180307,002131002,PATECTOR NF 75MG AMP 1ML C1             ,0000224.83,0000284.60,000.00,000.00,000.00,F ,7501070903176,                    ,00483
20180307,002139401,PENISODINA 400000UI AMP C1              ,0000038.91,0000047.74,000.00,000.00,000.00,B ,7501125106958,                    ,00484
20180307,002165502,PERSPIREX ANTITRANSP LOC 100ML          ,0000443.19,0000650.00,016.00,000.00,000.00,NA,5701943013809,                    ,00485
20180307,002165501,PERSPIREX ANTITRANSP R ON 25ML          ,0000238.64,0000350.00,016.00,000.00,000.00,NA,5701943011201,                    ,00486
20180307,002182003,PIL OFT 2% SOL GTS 15ML                 ,0000222.43,0000283.62,000.00,000.00,000.00,B ,736085156096 ,                    ,00487
20180307,002198101,PIRIMED SH ACOND ACASPA 120ML           ,0000260.00,0000325.00,016.00,000.00,000.00,BA,7703332003550,                    ,00488
20180307,002205001,PLANTABEN 5G PVO EFER SOB C30           ,0000224.19,0000282.00,000.00,000.00,000.00,H ,7501092772385,                    ,00489
20180307,002229001,POLIXIN OFT GTS 15ML                    ,0000220.97,0000281.87,000.00,000.00,000.00,B ,736085171051 ,                    ,00490
20180307,002229002,POLIXIN UNGENA 3.5G                     ,0000135.29,0000172.80,000.00,000.00,000.00,B ,736085268096 ,                    ,00491
20180307,002224501,POLYGINAX OV VAG C6                     ,0000276.50,0000350.00,000.00,000.00,000.00,B ,7501249603166,                    ,00492
20180307,002239001,PONTI OFT SOL 10ML                      ,0000101.01,0000129.12,000.00,000.00,000.00,B ,736085174007 ,                    ,00493
20180307,002244201,POSTDAY 0.75MG TAB C2                   ,0000094.80,0000120.00,000.00,000.00,000.00,H ,7501249605634,                    ,00494
20180307,002244202,POSTDAY 1.5MG CPR C1                    ,0000134.30,0000170.00,000.00,000.00,000.00,H ,7501249606778,                    ,00495
20180307,002249001,PRAMIGEL CPR C20                        ,0000154.80,0000195.95,000.00,000.00,000.00,F ,7501124103279,                    ,00496
20180307,002249002,PRAMIGEL SUSP 180ML                     ,0000176.30,0000223.17,000.00,000.00,000.00,F ,7501124103248,                    ,00497
20180307,002259001,PREDNEFRIN SF 1% SOL 5ML                ,0000373.84,0000455.10,000.00,000.00,000.00,B ,7501201400680,                    ,00498
20180307,002274103,PRIMACOR 1MG/1ML 10ML AMP C3            ,0004475.51,0005030.40,000.00,000.00,000.00,F ,7501165007581,                    ,00499
20180307,002287305,PROALID 0.03% UNG 15G                   ,0000264.05,0000322.00,000.00,000.00,000.00,B ,7501390912827,                    ,00500
20180307,002287304,PROALID 0.1% UNG 15G                    ,0000395.24,0000482.00,000.00,000.00,000.00,B ,7501390912803,                    ,00501
20180307,002287701,PROCICAR CRA 60G                        ,0000200.00,0000250.00,016.00,000.00,000.00,BA,7703333007113,                    ,00502
20180307,002298003,PRODOLINA AMP 4ML C5                    ,0000125.11,0000192.61,000.00,000.00,000.00,F ,7501034665560,                    ,00503
20180307,002298006,PRODOLINA TAB C10                       ,0000061.97,0000095.40,000.00,000.00,000.00,F ,7501034665553,                    ,00504
20180307,002300009,PROFENID 100MG CAP C20                  ,0000346.80,0000496.93,000.00,000.00,000.00,F ,7501165002791,                    ,00505
20180307,002300010,PROFENID 2.5% GEL 30G                   ,0000167.97,0000240.70,000.00,000.00,000.00,F ,7501072340337,                    ,00506
20180307,002300006,PROFENID IM 100MG AMP 2ML C6            ,0000429.03,0000614.77,000.00,000.00,000.00,F ,7501072340313,                    ,00507
20180307,002300011,PROFENID IV 100MG F A C3                ,0000301.95,0000432.67,000.00,000.00,000.00,F ,7501165005617,                    ,00508
20180307,002300008,PROFENID RTD 200MG CPR C20              ,0000554.67,0000794.81,000.00,000.00,000.00,F ,7501072340603,                    ,00509
20180307,002274001,PROLUB OFTENO 10ML                      ,0000079.37,0000101.12,016.00,000.00,000.00,BA,736085410303 ,                    ,00510
20180307,002322001,PULMONAROM ORAL 3ML AMP C10             ,0000481.93,0000690.56,000.00,000.00,000.00,F ,7501159551014,                    ,00511
20180307,002322002,PULMONAROM ORAL 3ML AMP C20             ,0000781.70,0001120.12,000.00,000.00,000.00,F ,7501159580021,                    ,00512
20180307,002323501,PULMOTABS CPR C10                       ,0000485.58,0000695.81,000.00,000.00,000.00,F ,7501159580007,                    ,00513
20180307,002335801,QUADRAX 200MG TAB C10                   ,0000060.98,0000092.92,000.00,000.00,000.00,F ,7501034670014,                    ,00514
20180307,002335802,QUADRAX 200MG TAB C20                   ,0000101.14,0000154.13,000.00,000.00,000.00,F ,7501034670021,                    ,00515
20180307,002352603,RANTUDIL 60MG CAP C14                   ,0000244.86,0000308.00,000.00,000.00,000.00,H ,4019338605135,                    ,00516
20180307,002352601,RANTUDIL 60MG CAP C28                   ,0000400.68,0000504.00,000.00,000.00,000.00,H ,4019338605142,                    ,00517
20180307,002352602,RANTUDIL RTD 90MG CAP C14               ,0000400.68,0000504.00,000.00,000.00,000.00,H ,4019338605159,                    ,00518
20180307,002352604,RANTUDIL RTD 90MG CAP C28               ,0000664.62,0000836.00,000.00,000.00,000.00,H ,4019338605166,                    ,00519
20180307,002373101,REFRESH FUSION SOL GOTERO 10ML          ,0000467.14,0000568.67,016.00,000.00,000.00,BA,7501201401458,                    ,00520
20180307,002373112,REFRESH FUSION SOL GOTERO 15ML          ,0000580.55,0000706.73,016.00,000.00,000.00,BA,7501201401465,                    ,00521
20180307,002373113,REFRESH FUSION UD 0.4ML VIALES C30      ,0000347.40,0000422.92,016.00,000.00,000.00,BA,7501201401618,                    ,00522
20180307,002373106,REFRESH GEL LUBRI OFT 10G               ,0000574.36,0000699.20,000.00,000.00,000.00,B ,7501201400406,                    ,00523
20180307,002373107,REFRESH LIQUIGEL GTS 15ML               ,0000583.30,0000710.08,000.00,000.00,000.00,B ,7501201400437,                    ,00524
20180307,002373111,REFRESH TEARS 15ML + 3ML DUO PACK       ,0000635.14,0000773.19,000.00,000.00,000.00,B ,7501201401106,                    ,00525
20180307,002373110,REFRESH TEARS SOL 10ML                  ,0000489.38,0000595.75,000.00,000.00,000.00,B ,7501201400567,                    ,00526
20180307,002373103,REFRESH TEARS SOL 15ML                  ,0000635.14,0000773.19,000.00,000.00,000.00,B ,7501201490797,                    ,00527
20180307,002375801,REGIVAS 400MG TAB C20                   ,0000802.27,0001149.59,000.00,000.00,000.00,F ,7501165006645,                    ,00528
20180307,002374001,RELAZEPAM 10MG 2ML AMP C6               ,0000075.34,0000092.44,000.00,000.00,000.00,N ,7501125170867,                    ,00529
20180307,002376401,REPAFET 10MG TAB C10                    ,0000321.75,0000407.27,000.00,000.00,000.00,F ,7501124180195,                    ,00530
20180307,002376402,REPAFET 10MG TAB C20                    ,0000535.45,0000677.79,000.00,000.00,000.00,F ,7501124180201,                    ,00531
20180307,002382302,RESTASIS 0.4ML AMP C30                  ,0001684.40,0002050.48,000.00,000.00,000.00,B ,7501201400697,                    ,00532
20180307,002402007,RINOFREN COMP C24                       ,0000091.97,0000116.42,000.00,000.00,000.00,F ,7501124103514,                    ,00533
20180307,002402008,RINOFREN PED SOL 30ML                   ,0000070.39,0000089.10,000.00,000.00,000.00,F ,7501124103088,                    ,00534
20180307,002408001,RITALIN 10MG CPR C30                    ,0000409.75,0000509.00,000.00,000.00,000.00,N ,7501094910501,                    ,00535
20180307,002408002,RITALIN 10MG TAB C60                    ,0000793.73,0000986.00,000.00,000.00,000.00,N ,7501094912437,                    ,00536
20180307,002415201,ROCAINOL BALSAMO 45G                    ,0000037.45,0000055.65,000.00,000.00,000.00,F ,354312625018 ,                    ,00537
20180307,002450702,SALILEX BRRA LIMP 120G                  ,0000192.00,0000240.00,016.00,000.00,000.00,BA,7703281003946,                    ,00538
20180307,002450701,SALILEX PADS C30                        ,0000288.00,0000360.00,016.00,000.00,000.00,BA,7703281003939,                    ,00539
20180307,002475603,SECNIDAL 500MG CPR C8                   ,0000318.53,0000456.43,000.00,000.00,000.00,F ,7501072310217,                    ,00540
20180307,002475604,SECNIDAL 900MG SOL PVO 30ML             ,0000247.16,0000354.16,000.00,000.00,000.00,F ,7501165002739,                    ,00541
20180307,002479001,SEEBRI 50MCG CAP C30                    ,0000751.87,0000934.00,000.00,000.00,000.00,B ,7501124818647,                    ,00542
20180307,002487101,SELSUN AZUL ACC HUMECT SH 200ML         ,0000084.21,0000122.25,016.00,000.00,000.00,FA,7501165007598,                    ,00543
20180307,002487102,SELSUN AZUL SUSVE/MANJ SH 200ML         ,0000082.60,0000119.91,016.00,000.00,000.00,FA,7501165007604,                    ,00544
20180307,002487103,SELSUN ORO SH SUSP 200ML                ,0000115.29,0000167.35,016.00,000.00,000.00,FA,7501165007611,                    ,00545
20180307,002513103,SHOT B DIABETIC 100MG TAB C30           ,0000096.90,0000114.00,000.00,000.00,000.00,F ,650240011429 ,                    ,00546
20180307,002514501,SIGERMEL SOLUCION ANTIVERRUGAS 20 ML    ,0000225.00,0000291.69,016.00,000.00,000.00,BA,8429420070974,                    ,00547
20180307,002518801,SIMBRINZA SUSP GTS 5ML                  ,0000821.90,0001047.00,000.00,000.00,000.00,B ,5413895040054,                    ,00548
20180307,002530006,SINUBERASE CAP C12                      ,0000124.44,0000196.35,000.00,000.00,000.00,F ,7501361606205,                    ,00549
20180307,002530004,SINUBERASE CPR C48                      ,0000120.32,0000191.57,000.00,000.00,000.00,F ,7501159580014,                    ,00550
20180307,002530005,SINUBERASE LIQ 5ML AMP C10              ,0000132.28,0000210.61,000.00,000.00,000.00,F ,7501159580182,                    ,00551
20180307,002551001,SOLTRICTOR SOL 15ML                     ,0000208.14,0000253.37,000.00,000.00,000.00,B ,7501201401540,                    ,00552
20180307,002559015,SOLUTINA F BLIS 15ML MAS 5ML            ,0000076.12,0000102.00,000.00,000.00,000.00,B ,7501088617904,                    ,00553
20180307,002559012,SOLUTINA F BLIS SOL 15ML                ,0000076.12,0000102.00,000.00,000.00,000.00,B ,75017255     ,                    ,00554
20180307,002559003,SOLUTINA F SOL GTS 15ML                 ,0000076.12,0000102.00,000.00,000.00,000.00,B ,75014032     ,                    ,00555
20180307,002540001,SOPHIPREN OFT GTS 5ML                   ,0000269.29,0000343.01,000.00,000.00,000.00,B ,736085400489 ,                    ,00556
20180307,002541001,SOPHIVIR UNGENA 7G                      ,0000448.86,0000572.11,000.00,000.00,000.00,B ,736085270075 ,                    ,00557
20180307,002540004,SOPHIXIN DX OFT 5ML                     ,0000528.75,0000673.92,000.00,000.00,000.00,B ,736085904727 ,                    ,00558
20180307,002540005,SOPHIXIN DX UNGENA 3.5G                 ,0000427.66,0000544.75,000.00,000.00,000.00,B ,736085409598 ,                    ,00559
20180307,002540002,SOPHIXIN OFT SOL GTS 5ML                ,0000412.55,0000525.86,000.00,000.00,000.00,B ,736085400519 ,                    ,00560
20180307,002540003,SOPHIXIN UNGENA 3.5G                    ,0000326.19,0000415.57,000.00,000.00,000.00,B ,736085278392 ,                    ,00561
20180307,002572801,SPLASH TEARS SOL 15ML                   ,0000086.10,0000110.21,000.00,000.00,000.00,B ,736085405422 ,                    ,00562
20180307,002577102,STALEVO 100/25/200MG TAB C30            ,0001438.54,0001787.00,000.00,000.00,000.00,B ,7501094914882,                    ,00563
20180307,002577106,STALEVO 125/31.25/200MG TAB C30         ,0001438.54,0001787.00,000.00,000.00,000.00,B ,7501124818272,                    ,00564
20180307,002577103,STALEVO 150/37.5/200MG TAB C30          ,0001438.54,0001787.00,000.00,000.00,000.00,B ,7501094914899,                    ,00565
20180307,002577104,STALEVO 200/200/50MG TAB C30            ,0001438.54,0001787.00,000.00,000.00,000.00,B ,7501124815790,                    ,00566
20180307,002577101,STALEVO 50/12.5/200MG TAB C30           ,0001438.54,0001787.00,000.00,000.00,000.00,B ,7501094914875,                    ,00567
20180307,002577105,STALEVO 75/18.75/200MG TAB C30          ,0001438.54,0001787.00,000.00,000.00,000.00,B ,7501124818265,                    ,00568
20180307,002517405,STILNOX CR 12.5MG TAB C28               ,0001066.29,0001300.33,000.00,000.00,000.00,F ,7501165005815,                    ,00569
20180307,002590801,SUKROL HOMBRE TAB C30                   ,0000102.32,0000171.50,016.00,000.00,000.00,NA,675873002057 ,                    ,00570
20180307,002590802,SUKROL MUJER TAB C30                    ,0000102.32,0000171.50,016.00,000.00,000.00,NA,675873002071 ,                    ,00571
20180307,002591201,SUKROL TAB C100                         ,0000121.78,0000204.10,000.00,000.00,000.00,N ,714706100901 ,                    ,00572
20180307,002591401,SUKROLITO JBE 240ML                     ,0000102.45,0000171.72,000.00,000.00,000.00,N ,714706300400 ,                    ,00573
20180307,002608002,SURGAM 300MG CPR C30                    ,0000421.60,0000604.13,000.00,000.00,000.00,F ,7501174603804,                    ,00574
20180307,002620201,SYNVISC INY 2ML AMP C1                  ,0002513.81,0002771.53,016.00,000.00,000.00,FA,7502244510039,                    ,00575
20180307,002620202,SYNVISC ONE INY 6ML AMP C1              ,0007767.00,0008563.29,016.00,000.00,000.00,FA,7502244510091,                    ,00576
20180307,002620304,SYSTANE BALANCE 10ML                    ,0000436.47,0000556.00,016.00,000.00,000.00,BA,300651433272 ,                    ,00577
20180307,002620306,SYSTANE GEL GOTAS 10ML                  ,0000417.62,0000532.00,016.00,000.00,000.00,BA,0300650454179,                    ,00578
20180307,002620301,SYSTANE SOL 15ML                        ,0000500.05,0000637.00,016.00,000.00,000.00,BA,7501088617959,                    ,00579
20180307,002620307,SYSTANE TOALLITAS C30                   ,0000282.09,0000378.00,016.00,000.00,000.00,BA,300658052421 ,                    ,00580
20180307,002620303,SYSTANE ULT SOL 10ML                    ,0000432.54,0000551.00,016.00,000.00,000.00,BA,300651431681 ,                    ,00581
20180307,002620305,SYSTANE ULT UNIDOS VIAL C30             ,0000507.11,0000646.00,016.00,000.00,000.00,BA,3700028501509,                    ,00582
20180307,002620308,SYSTANE ULTRA PLUS                      ,0000457.66,0000583.00,016.00,000.00,000.00,BA,8427324896119,                    ,00583
20180307,002620401,TABALON 400MG TAB C10                   ,0000103.26,0000147.96,000.00,000.00,000.00,F ,7501165000360,                    ,00584
20180307,002620402,TABALON 400MG TAB C20                   ,0000196.12,0000281.03,000.00,000.00,000.00,F ,7501165001114,                    ,00585
20180307,002620403,TABALON INF SUSP 100ML                  ,0000091.43,0000131.01,000.00,000.00,000.00,F ,7501165001978,                    ,00586
20180307,002622201,TACRAF 100/400MG CPR C7                 ,0000298.11,0000377.35,000.00,000.00,000.00,F ,7501124182465,                    ,00587
20180307,001253466,TAMSULOSINA 0.4MG CAPS C20              ,0000112.80,0000406.07,000.00,000.00,000.00,F ,7501361681349,                    ,00588
20180307,002639501,TARGOCID 200MG SOL F A 3ML C1           ,0000957.51,0001076.23,000.00,000.00,000.00,F ,7501061070146,                    ,00589
20180307,002639502,TARGOCID 400MG SOL F A 3ML C1           ,0001900.94,0002136.63,000.00,000.00,000.00,F ,7501061070139,                    ,00590
20180307,002730502,TAVANIC IV 500MG 100ML F A C1           ,0000703.35,0000790.55,000.00,000.00,000.00,F ,7501165002661,                    ,00591
20180307,002644502,TAXOTERE 20MG AMP C1                    ,0005338.54,0005478.80,000.00,000.00,000.00,F ,7501165009967,                    ,00592
20180307,002644501,TAXOTERE 80MG AMP C1                    ,0019388.39,0019897.77,000.00,000.00,000.00,F ,7501165009974,                    ,00593
20180307,002645902,TEARS NATURALE II SOL 15ML              ,0000473.36,0000603.00,016.00,000.00,000.00,BA,7501088615108,                    ,00594
20180307,002651013,TEGRETOL 200MG CPR C30                  ,0000379.16,0000471.00,000.00,000.00,000.00,B ,7501094915650,                    ,00595
20180307,002651011,TEGRETOL 200MG CPR C50                  ,0000500.71,0000622.00,000.00,000.00,000.00,B ,7501094915810,                    ,00596
20180307,002651003,TEGRETOL 400MG CPR C10                  ,0000244.72,0000304.00,000.00,000.00,000.00,B ,7501094910532,                    ,00597
20180307,002651014,TEGRETOL LC 200MG GRAG C30              ,0000400.09,0000497.00,000.00,000.00,000.00,B ,7501094915667,                    ,00598
20180307,002651012,TEGRETOL LC 200MG GRAG C50              ,0000520.03,0000646.00,000.00,000.00,000.00,B ,7501094915827,                    ,00599
20180307,002651006,TEGRETOL LC 400MG CPR C20               ,0000536.13,0000666.00,000.00,000.00,000.00,B ,7501094910556,                    ,00600
20180307,002651015,TEGRETOL SUSP 100ML                     ,0000194.81,0000242.00,000.00,000.00,000.00,B ,7501124816537,                    ,00601
20180307,002659202,THIOCTACID 600MG CPR C30                ,0000720.27,0000906.00,000.00,000.00,000.00,H ,7501318612082,                    ,00602
20180307,002701002,TIMOPTOL 0.50% SOL 5ML                  ,0000108.52,0000150.72,000.00,000.00,000.00,F ,7501326000529,                    ,00603
20180307,002715201,TOBRADEX OFT SUSP 5ML                   ,0000540.08,0000688.00,000.00,000.00,000.00,B ,7501088606908,                    ,00604
20180307,002715202,TOBRADEX UNG 3.5G                       ,0000518.10,0000660.00,000.00,000.00,000.00,B ,7501088615009,                    ,00605
20180307,002715304,TOBREX SOL 5ML                          ,0000372.88,0000475.00,000.00,000.00,000.00,B ,7501088607950,                    ,00606
20180307,002715302,TOBREX UNG 3.5G                         ,0000326.56,0000416.00,000.00,000.00,000.00,B ,7501088607905,                    ,00607
20180307,002779301,TP OFT GTS 15ML                         ,0000159.30,0000203.42,000.00,000.00,000.00,B ,736085278453 ,                    ,00608
20180307,002731201,TRACEFUSIN F A 20ML                     ,0000192.74,0000236.49,000.00,000.00,000.00,B ,7501125102950,                    ,00609
20180307,002733801,TRAMUNDIN 150MG TAB C10                 ,0000628.45,0000872.85,000.00,000.00,000.00,F ,7506359900136,                    ,00610
20180307,002733802,TRAMUNDIN 150MG TAB C30                 ,0001620.14,0002250.20,000.00,000.00,000.00,F ,7506359900143,                    ,00611
20180307,002733803,TRAMUNDIN 200MG TAB C10                 ,0000685.36,0000875.30,000.00,000.00,000.00,F ,7506359900150,                    ,00612
20180307,002733804,TRAMUNDIN 200MG TAB C30                 ,0001718.40,0002300.40,000.00,000.00,000.00,F ,7506359900167,                    ,00613
20180307,002735301,TRAVATAN SOL OFT 2.5ML                  ,0000735.55,0000937.00,000.00,000.00,000.00,B ,7501088617553,                    ,00614
20180307,002735502,TRAZIDEX OFT SOL GTS 5ML                ,0000407.77,0000519.45,000.00,000.00,000.00,B ,736085400830 ,                    ,00615
20180307,002735501,TRAZIDEX UNGENA 3.5G                    ,0000364.99,0000465.54,000.00,000.00,000.00,B ,736085048063 ,                    ,00616
20180307,002644001,TRAZIL OFT GTS 15ML                     ,0000269.94,0000344.20,000.00,000.00,000.00,B ,736085400571 ,                    ,00617
20180307,002644002,TRAZIL UNGENA 3.5G                      ,0000221.81,0000282.87,000.00,000.00,000.00,B ,736085278378 ,                    ,00618
20180307,002644801,TRAZINAC OFT GTS 5ML                    ,0000428.01,0000545.28,000.00,000.00,000.00,B ,736085400953 ,                    ,00619
20180307,002750303,TRENTAL 300MG SOL INY 15ML C4           ,0000361.25,0000517.64,000.00,000.00,000.00,F ,7501165000407,                    ,00620
20180307,002750301,TRENTAL RETARD 400MG GRAG C30           ,0000434.29,0000622.30,000.00,000.00,000.00,F ,7501165000391,                    ,00621
20180307,002746801,TRIACOR 2.5MG GRAG C14                  ,0000308.71,0000442.35,000.00,000.00,000.00,F ,7501165002104,                    ,00622
20180307,002746802,TRIACOR 5MG GRAG C14                    ,0000534.39,0000765.74,000.00,000.00,000.00,F ,7501165002319,                    ,00623
20180307,002764202,TRINOVA GEL 40G                         ,0000193.18,0000321.97,016.00,000.00,000.00,FA,7506325000051,                    ,00624
20180307,002764201,TRINOVA SKIN CARE SOL 140ML             ,0000193.18,0000321.97,016.00,000.00,000.00,FA,7506325000013,                    ,00625
20180307,002766001,TRIPLIGAN C SOLUC GOTERO 5ML            ,0000783.88,0000954.24,000.00,000.00,000.00,B ,7501201401571,                    ,00626
20180307,002768006,TRITACE 10MG TAB C16                    ,0000553.64,0000793.32,000.00,000.00,000.00,F ,7501165004900,                    ,00627
20180307,002768004,TRITACE 2.5MG TAB C16                   ,0000279.96,0000401.16,000.00,000.00,000.00,F ,7501165001220,                    ,00628
20180307,002768003,TRITACE 5MG TAB C16                     ,0000472.57,0000677.16,000.00,000.00,000.00,F ,7501165001237,                    ,00629
20180307,002768502,TRITAZIDE 2.5/12.5MG TAB C16            ,0000382.92,0000548.70,000.00,000.00,000.00,F ,7501165001206,                    ,00630
20180307,002768501,TRITAZIDE 5/25MG TAB C16                ,0000608.12,0000871.39,000.00,000.00,000.00,F ,7501165001213,                    ,00631
20180307,002778001,TRUSOPT 2% SOL 5ML                      ,0000525.18,0000729.41,000.00,000.00,000.00,F ,7501326003179,                    ,00632
20180307,002781990,TUKALIV TOS 100MG CAPS C20              ,0000067.92,0000079.90,000.00,000.00,000.00,F ,650240029219 ,                    ,00633
20180307,002782003,TUKOL D AD JBE 125ML                    ,0000059.42,0000069.90,000.00,000.00,000.00,F ,650240010712 ,                    ,00634
20180307,002808505,UMBRELLA FPS50+ CRA 60G + 25%           ,0000319.20,0000399.00,016.00,000.00,000.00,BA,7703281004912,                    ,00635
20180307,002808506,UMBRELLA FPS50+ GEL 60G + 25%           ,0000319.20,0000399.00,016.00,000.00,000.00,BA,7703281004875,                    ,00636
20180307,002808507,UMBRELLA FPS50+ PLUS 120G + 25%         ,0000412.00,0000515.00,016.00,000.00,000.00,BA,7703281007159,                    ,00637
20180307,002808508,UMBRELLA INTELLIGENT SPF50+50G          ,0000399.20,0000499.00,016.00,000.00,000.00,BA,7703281002123,                    ,00638
20180307,002808504,UMBRELLA KIDS SPF+50 120G               ,0000319.20,0000399.00,016.00,000.00,000.00,BA,7703281001485,                    ,00639
20180307,002808501,UMBRELLA PFS CRA 60G                    ,0000319.20,0000399.00,016.00,000.00,000.00,BA,7703281001461,                    ,00640
20180307,002808502,UMBRELLA PFS GEL 60G                    ,0000319.20,0000399.00,016.00,000.00,000.00,BA,7703281001454,                    ,00641
20180307,002808503,UMBRELLA PLUS SPRY 120G                 ,0000412.00,0000515.00,016.00,000.00,000.00,BA,7703281001447,                    ,00642
20180307,002816201,UREADERM LOC 225G                       ,0000336.00,0000420.00,016.00,000.00,000.00,BA,7703332003628,                    ,00643
20180307,002816011,UREADIN FUSION FLUID 50ML               ,0000279.00,0000361.28,016.00,000.00,000.00,BA,8470001612175,                    ,00644
20180307,002816012,UREADIN FUSION MELTING CRA 50ML         ,0000279.00,0000361.28,016.00,000.00,000.00,BA,8470001614841,                    ,00645
20180307,002816001,UREADIN FUSION SERUM LIFT30ML           ,0000444.00,0000570.83,016.00,000.00,000.00,BA,8470001691880,                    ,00646
20180307,002816010,UREADIN MANOS CRA PLUS 50ML             ,0000084.00,0000108.43,016.00,000.00,000.00,BA,8470002610736,                    ,00647
20180307,002816002,UREADIN PODOS GEL OIL 75 ML             ,0000212.00,0000272.47,016.00,000.00,000.00,BA,8470001527349,                    ,00648
20180307,002816003,UREADIN Rx 20 CREAM 100ML               ,0000252.00,0000325.23,016.00,000.00,000.00,BA,8470001541871,                    ,00649
20180307,002816005,UREADIN RX30 CRA 50ML                   ,0000212.00,0000272.47,016.00,000.00,000.00,BA,8470002129856,                    ,00650
20180307,002816015,UREADIN SPRAY & GO 200ML                ,0000252.00,0000325.23,016.00,000.00,000.00,BA,8429420108851,                    ,00651
20180307,002818003,UROCLASIO NF 1.5G 250MG SBR C30         ,0000327.19,0000400.00,000.00,000.00,000.00,B ,7501390913152,                    ,00652
20180307,002818002,UROCLASIO NF 30G SOL 150ML              ,0000302.58,0000369.00,000.00,000.00,000.00,B ,7501390912209,                    ,00653
20180307,001255206,VERAPAMILO 80MG TAB C20 (G)             ,0000019.30,0000110.27,000.00,000.00,000.00,F ,7501159580380,                    ,00654
20180307,002889501,VICTAN 2MG BLIST CPR C30                ,0000522.04,0000636.62,000.00,000.00,000.00,F ,7501328980249,                    ,00655
20180307,002878201,VIGADEXA SOL 5ML                        ,0000777.16,0000990.00,000.00,000.00,000.00,B ,7501088619700,                    ,00656
20180307,002888001,VIGAMOXI 0.5% SOL 5ML                   ,0000589.54,0000751.00,000.00,000.00,000.00,B ,7501088618109,                    ,00657
20180307,002920004,VITACILINA BEBE PDA 110G                ,0000049.35,0000092.40,016.00,000.00,000.00,FA,7502250340255,                    ,00658
20180307,002920003,VITACILINA BEBE PDA 50G                 ,0000028.25,0000053.55,016.00,000.00,000.00,FA,354312225164 ,                    ,00659
20180307,002920001,VITACILINA UNG 16G                      ,0000015.90,0000028.35,000.00,000.00,000.00,F ,354312225140 ,                    ,00660
20180307,002920002,VITACILINA UNG 28G                      ,0000026.70,0000039.90,000.00,000.00,000.00,F ,354312225133 ,                    ,00661
20180307,002934032,VOLTAREN 50MG GRAG C30                  ,0000428.26,0000532.00,000.00,000.00,000.00,B ,7501094916534,                    ,00662
20180307,002934029,VOLTAREN INY 75MG/3ML AMP C5            ,0000590.87,0000734.00,000.00,000.00,000.00,B ,7501094916251,                    ,00663
20180307,002934004,VOLTAREN RTD 100MG CPR C10              ,0000430.68,0000535.00,000.00,000.00,000.00,B ,7501094910723,                    ,00664
20180307,002934007,VOLTAREN RTD 100MG GRAG C20             ,0000734.97,0000913.00,000.00,000.00,000.00,B ,7501094910396,                    ,00665
20180307,002934034,VOLTAREN RTD 100MG GRAG C30             ,0001036.84,0001288.00,000.00,000.00,000.00,B ,7501094916664,                    ,00666
20180307,002934040,VOLTAREN SR 75MG TAB C10                ,0000255.99,0000318.00,000.00,000.00,000.00,B ,7501124814939,                    ,00667
20180307,002934031,VOLTAREN SR 75MG TAB C30                ,0000711.62,0000884.00,000.00,000.00,000.00,B ,7501124813307,                    ,00668
20180307,002947102,XATRAL OD 10MG TAB C28                  ,0001198.65,0001717.58,000.00,000.00,000.00,F ,7501328979601,                    ,00669
20180307,002948011,XL 3 ANTIGRIPAL TAB C8                  ,0000017.77,0000020.90,000.00,000.00,000.00,F ,650240017117 ,                    ,00670
20180307,002948013,XL 3 DIAS 25/5/500MG TAB C12            ,0000033.92,0000039.90,000.00,000.00,000.00,F ,650240017087 ,                    ,00671
20180307,002948007,XL 3 XTRA 250MG CAP C12                 ,0000034.77,0000040.90,000.00,000.00,000.00,F ,650240017094 ,                    ,00672
20180307,002949990,XYEL OFTENO SOL GOTAS 10ML              ,0000380.36,0000484.53,016.00,000.00,000.00,BA,736085410679 ,                    ,00673
20180307,002974850,ZEBESTEN SOL 5ML                        ,0000438.23,0000558.25,000.00,000.00,000.00,B ,736085410600 ,                    ,00674
20180307,002994301,ZYMAR 0.3% GTS 5ML                      ,0000627.00,0000763.26,000.00,000.00,000.00,B ,7501201400482,                    ,00675
20180307,002994302,ZYMAR XD 0.5% SOL 2.5ML                 ,0000638.82,0000777.66,000.00,000.00,000.00,B ,7501201401342,                    ,00676
20180307,002990202,ZYPRED 0.3%/1.0% SUSP FCO 3ML           ,0000710.15,0000864.49,000.00,000.00,000.00,B ,7501201400826,                    ,00677
20180307,002990201,ZYPRED 0.3%/1.0% SUSP FCO 6ML           ,0000836.93,0001018.82,000.00,000.00,000.00,B ,7501201400796,                    ,00678
